time,addbrev_r,addlong_r,addmagDist_r,addmagIsch_r,addmagMid_r,addmagProx_r,bflh_r,bfsh_r,edl_r,ehl_r,fdl_r,fhl_r,gaslat_r,gasmed_r,glmax1_r,glmax2_r,glmax3_r,glmed1_r,glmed2_r,glmed3_r,glmin1_r,glmin2_r,glmin3_r,grac_r,iliacus_r,perbrev_r,perlong_r,piri_r,psoas_r,recfem_r,sart_r,semimem_r,semiten_r,soleus_r,tfl_r,tibant_r,tibpost_r,vasint_r,vaslat_r,vasmed_r,addbrev_l,addlong_l,addmagDist_l,addmagIsch_l,addmagMid_l,addmagProx_l,bflh_l,bfsh_l,edl_l,ehl_l,fdl_l,fhl_l,gaslat_l,gasmed_l,glmax1_l,glmax2_l,glmax3_l,glmed1_l,glmed2_l,glmed3_l,glmin1_l,glmin2_l,glmin3_l,grac_l,iliacus_l,perbrev_l,perlong_l,piri_l,psoas_l,recfem_l,sart_l,semimem_l,semiten_l,soleus_l,tfl_l,tibant_l,tibpost_l,vasint_l,vaslat_l,vasmed_l
0.000000,0.045204,0.035175,1.000000,1.000000,0.000000,0.644216,0.000000,0.054786,1.000000,1.000000,0.000000,0.000000,0.182608,0.165891,1.000000,0.000000,0.186990,0.945021,1.000000,0.505386,0.206253,0.000000,0.000000,0.000000,0.707578,0.003496,0.033422,1.000000,0.170410,1.000000,0.775472,0.000000,0.000000,0.013672,0.849436,1.000000,0.000000,1.000000,1.000000,1.000000,0.309513,0.000000,0.000000,1.000000,0.000000,0.241621,0.000000,0.195634,1.000000,0.000000,0.000000,0.000000,0.206389,0.189024,1.000000,0.000000,0.000000,1.000000,1.000000,0.381491,0.499222,0.000000,1.000000,0.295891,0.069958,0.027520,0.050687,1.000000,0.802873,1.000000,0.202560,0.000000,0.000000,0.028465,0.748786,1.000000,0.000000,1.000000,1.000000,1.000000
0.033333,0.000000,0.000000,0.108337,1.000000,0.000000,0.330986,0.000000,0.000000,1.000000,1.000000,1.000000,0.956922,0.000000,0.034606,0.891271,1.000000,0.931097,0.966333,1.000000,0.000000,0.537782,0.735200,0.893155,0.000000,0.710447,0.029608,0.059137,1.000000,0.000000,1.000000,1.000000,1.000000,0.000000,0.026958,1.000000,1.000000,0.000000,1.000000,1.000000,1.000000,0.690942,0.598465,0.000000,1.000000,0.454941,0.566302,1.000000,0.471382,1.000000,0.000000,0.000000,0.703026,0.000000,0.000000,0.000000,0.000000,0.869701,0.000000,0.000000,0.000000,0.452819,0.000000,1.000000,1.000000,0.332991,0.000000,0.000000,0.000000,0.954867,1.000000,0.000000,1.000000,1.000000,0.000000,0.000000,1.000000,0.835702,1.000000,1.000000,1.000000
0.066667,0.002298,0.030222,0.737159,1.000000,0.000000,0.310609,0.277763,0.000000,0.540038,0.714697,1.000000,1.000000,0.000000,0.000000,1.000000,1.000000,0.894229,1.000000,1.000000,0.000000,0.821527,0.000000,1.000000,0.000000,0.598798,0.000000,0.000000,1.000000,0.000000,1.000000,1.000000,0.940098,0.000000,0.000000,1.000000,0.761846,0.967550,1.000000,1.000000,1.000000,0.718731,0.525112,0.000000,0.525069,0.428736,0.385714,0.000000,0.525507,0.611608,0.034800,0.000000,1.000000,0.000000,0.000000,0.000000,0.000000,0.000000,0.000000,0.000000,0.000000,0.405897,0.000000,1.000000,0.871635,0.394504,0.000000,0.000000,0.000000,0.968733,1.000000,0.000000,0.000000,1.000000,0.000000,0.952751,0.723815,0.801408,1.000000,1.000000,1.000000
0.100000,0.224941,0.995803,1.000000,1.000000,0.000000,0.317655,1.000000,0.114691,0.000000,1.000000,0.886108,0.858967,0.000000,0.003675,0.000000,1.000000,0.931504,0.538081,0.000000,0.645467,0.126786,0.372403,0.000000,1.000000,0.468551,0.387247,0.000000,1.000000,0.659778,1.000000,1.000000,1.000000,1.000000,0.006140,0.000000,1.000000,0.486380,1.000000,1.000000,1.000000,0.000000,0.000000,0.000000,0.000000,0.000000,0.000000,0.000000,0.511839,0.000000,0.030466,0.000000,0.360235,0.037003,0.000000,0.000000,0.000000,0.000000,0.000000,0.339487,1.000000,0.000000,0.065515,0.368364,0.000000,0.000000,0.000000,0.000000,0.216725,0.008313,1.000000,0.000000,0.785254,1.000000,0.000000,0.000000,1.000000,0.909064,1.000000,1.000000,1.000000
0.133333,0.000000,0.000000,0.046289,1.000000,0.000000,0.284984,0.923058,0.029666,0.000000,0.978165,0.948861,0.915359,0.090608,0.000000,0.794494,1.000000,0.566571,0.639543,1.000000,0.000000,0.365944,0.333206,0.465150,0.000000,0.702578,0.000000,0.000000,1.000000,0.000000,1.000000,0.987479,1.000000,0.000000,0.000000,0.898880,0.000000,0.867831,1.000000,1.000000,1.000000,0.693478,0.889716,0.000000,0.961900,0.625033,0.436939,1.000000,0.854492,1.000000,0.000000,0.000000,0.887500,0.000000,0.000000,0.000000,0.000000,0.000000,0.000000,0.000000,0.000000,0.010644,0.000000,0.369396,0.949233,0.519105,0.150454,0.000000,0.000000,0.974607,1.000000,0.000000,0.604080,1.000000,0.000000,0.402326,1.000000,0.907826,1.000000,1.000000,0.715404
0.166667,0.000000,0.989565,1.000000,1.000000,0.000000,0.442273,0.489166,0.306892,0.000000,0.000000,0.987814,0.978808,0.907418,0.000000,0.000000,0.709578,0.000000,0.242640,0.263924,1.000000,0.372690,0.353590,0.099301,0.328616,0.691790,0.716125,0.000000,1.000000,0.900669,1.000000,0.997917,0.945451,0.000000,0.000000,0.805837,0.000000,0.956857,1.000000,1.000000,1.000000,0.504883,0.530650,0.344373,0.000000,0.719654,0.094509,1.000000,1.000000,1.000000,0.000000,0.213224,0.907696,0.954421,0.000000,0.000000,0.000000,0.000000,0.000000,0.000000,1.000000,0.000000,0.000000,0.000000,0.684564,0.000000,0.345296,1.000000,0.495802,0.708568,1.000000,0.000000,0.000000,1.000000,0.000000,1.000000,0.000000,0.954946,0.978155,1.000000,0.000000
0.200000,0.000000,1.000000,1.000000,1.000000,0.000000,0.317646,0.355638,0.142573,0.000000,0.000000,1.000000,1.000000,0.003050,0.000000,0.000000,0.664988,0.641351,0.409762,0.381015,1.000000,0.369482,0.380409,0.000000,0.360290,0.793384,0.864249,0.000000,1.000000,0.911476,1.000000,0.990747,1.000000,0.000000,0.000000,0.458307,0.000000,1.000000,1.000000,1.000000,1.000000,0.334744,0.335280,0.000000,0.000000,0.415622,0.000000,1.000000,0.973618,0.321513,0.000000,0.000000,0.996548,1.000000,0.000000,0.000000,0.000000,0.000000,0.000000,0.000000,1.000000,0.000000,0.000000,0.000000,0.938758,0.000000,0.127920,0.878978,0.059944,0.666956,1.000000,0.000000,0.249820,0.995566,0.000000,0.694202,0.000000,1.000000,1.000000,1.000000,0.000000
0.233333,0.000000,0.371306,1.000000,1.000000,0.000000,0.275337,0.562102,0.000000,0.000000,0.088072,1.000000,1.000000,0.000000,0.000000,0.000000,0.834166,0.871012,0.602929,0.575189,0.884894,0.364218,0.357910,0.000000,0.383809,0.722105,0.510192,0.000000,1.000000,0.767861,1.000000,0.987706,1.000000,0.000000,0.000000,0.241249,0.883202,1.000000,1.000000,1.000000,1.000000,0.270092,0.388671,0.000000,0.000000,0.227407,0.100607,1.000000,0.779199,0.382633,0.000000,0.000000,0.947902,0.282078,0.000000,0.000000,0.000000,0.000000,0.000000,0.000000,0.239707,0.000000,0.000000,0.202641,0.949125,0.000000,0.000000,0.000000,0.000000,0.811725,1.000000,0.000000,0.876389,0.998388,0.000000,0.000000,0.540170,1.000000,1.000000,1.000000,1.000000
0.266667,0.000000,0.000000,0.825114,1.000000,0.000000,0.311068,0.109845,0.000000,0.000000,0.301721,1.000000,1.000000,0.000000,0.000000,0.000000,0.747841,0.718930,0.625071,0.619632,0.572913,0.376493,0.365149,0.016131,0.130010,0.718587,0.330621,0.000000,1.000000,0.638089,1.000000,0.993031,0.887592,0.000000,0.000000,0.457061,0.762755,1.000000,1.000000,1.000000,1.000000,0.395346,0.659688,0.000000,0.329598,0.338938,0.220857,1.000000,0.809071,0.808854,0.078468,0.000000,0.794897,0.000000,0.000000,0.000000,0.000000,0.000000,0.000000,0.000000,0.000000,0.000000,0.000000,0.238363,0.967697,0.000000,0.000000,0.000000,0.000000,0.987236,1.000000,0.000000,1.000000,0.994925,0.000000,0.000000,0.805936,1.000000,1.000000,1.000000,1.000000
0.300000,0.000000,0.867106,1.000000,1.000000,0.000000,0.257548,0.616240,0.041302,0.000000,0.000000,1.000000,1.000000,0.000000,0.000000,0.000000,0.778785,0.866564,0.584454,0.370051,1.000000,0.373100,0.389522,0.000000,0.522680,0.795873,0.715309,0.000000,1.000000,0.907124,1.000000,1.000000,1.000000,0.000000,0.000000,0.083873,0.916099,0.956691,1.000000,1.000000,1.000000,0.202804,0.223791,0.000000,0.000000,0.200313,0.000000,1.000000,0.837635,0.066013,0.000000,0.000000,0.986996,0.897796,0.000000,0.000000,0.000000,0.000000,0.000000,0.000000,0.883030,0.000000,0.000000,0.041017,0.940873,0.000000,0.000000,0.233709,0.000000,0.602245,1.000000,0.000000,0.818166,1.000000,0.000000,0.146733,0.000000,0.982710,1.000000,1.000000,1.000000
0.333333,0.000000,0.513770,1.000000,1.000000,0.000000,0.278089,0.912628,0.163872,0.000000,0.000000,1.000000,1.000000,0.000000,0.000000,0.000000,0.990388,0.864141,0.636101,0.496733,1.000000,0.386719,0.388485,0.000000,0.480275,0.717605,0.663959,0.000000,1.000000,0.910141,1.000000,1.000000,1.000000,0.000000,0.000000,0.474348,0.024098,0.987141,1.000000,1.000000,1.000000,0.441976,0.629933,0.000000,0.000000,0.368727,0.037559,1.000000,0.888514,0.490926,0.000000,0.000000,1.000000,0.930655,0.000000,0.000000,0.000000,0.000000,0.000000,0.000000,0.344642,0.000000,0.000000,0.000000,0.922975,0.000000,0.125190,0.445518,0.000000,0.816067,1.000000,0.000000,0.360122,1.000000,0.000000,0.507754,0.000000,0.987427,1.000000,1.000000,0.394366
0.366667,0.000000,0.295655,0.983037,1.000000,0.000000,0.277621,0.830233,0.112809,0.000000,0.000000,1.000000,1.000000,0.000000,0.000000,0.038823,1.000000,0.864508,0.649330,0.589730,0.970514,0.390819,0.378034,0.000000,0.405654,0.705046,0.583065,0.000000,1.000000,0.894515,1.000000,1.000000,1.000000,0.000000,0.000000,0.525204,0.221530,1.000000,1.000000,1.000000,1.000000,0.456857,0.691604,0.000000,0.000000,0.350136,0.086553,1.000000,0.850702,0.542298,0.000000,0.000000,1.000000,0.906549,0.000000,0.000000,0.000000,0.000000,0.000000,0.000000,0.064066,0.000000,0.000000,0.032753,0.969147,0.000000,0.096720,0.263486,0.000000,0.907782,1.000000,0.000000,0.454852,0.998248,0.000000,0.397059,0.000000,1.000000,1.000000,1.000000,0.674480
0.400000,0.000000,0.061922,0.871432,1.000000,0.000000,0.253213,1.000000,0.036554,0.000000,0.139509,1.000000,1.000000,0.000000,0.000000,0.171955,1.000000,0.865298,0.647227,0.671296,0.519911,0.390645,0.363111,0.000000,0.449134,0.659121,0.447339,0.000000,1.000000,0.652293,1.000000,1.000000,1.000000,0.000000,0.000000,0.489468,0.747385,1.000000,1.000000,1.000000,1.000000,0.426933,0.690339,0.000000,0.000000,0.253812,0.105329,1.000000,0.762017,0.493755,0.000000,0.000000,1.000000,0.165863,0.000000,0.000000,0.000000,0.000000,0.000000,0.000000,0.000000,0.000000,0.000000,0.199978,0.969008,0.067022,0.020805,0.000000,0.000000,0.982166,1.000000,0.000000,0.690732,1.000000,0.000000,0.231598,0.458602,1.000000,1.000000,1.000000,1.000000
0.433333,0.000000,0.000000,0.731851,1.000000,0.000000,0.243579,1.000000,0.088142,0.000000,0.224196,1.000000,1.000000,0.000000,0.000000,0.298966,1.000000,0.871064,0.675505,0.713421,0.187275,0.402063,0.367266,0.006831,0.459329,0.624737,0.386073,0.000000,1.000000,0.563550,1.000000,1.000000,1.000000,0.072364,0.000000,0.653000,0.676611,0.958849,1.000000,1.000000,1.000000,0.546291,0.942848,0.000000,0.000000,0.277878,0.112285,1.000000,0.760392,0.664418,0.000000,0.000000,1.000000,0.003074,0.000000,0.000000,0.000000,0.000000,0.000000,0.000000,0.000000,0.000000,0.000000,0.205366,0.961519,0.169267,0.051374,0.000000,0.000000,1.000000,1.000000,0.000000,0.668618,1.000000,0.000000,0.319281,0.425065,0.980793,1.000000,1.000000,1.000000
0.466667,0.000000,0.283458,0.947672,1.000000,0.000000,0.212405,1.000000,0.144547,0.000000,0.000000,1.000000,1.000000,0.000000,0.000000,0.347159,1.000000,0.873974,0.660145,0.635202,0.465278,0.392114,0.355189,0.000000,0.737694,0.635498,0.586858,0.000000,1.000000,0.729097,1.000000,1.000000,1.000000,0.421571,0.000000,0.426605,0.841063,0.985817,1.000000,1.000000,1.000000,0.409857,0.640821,0.000000,0.000000,0.171618,0.000000,0.896170,0.743837,0.299375,0.000000,0.000000,1.000000,0.638215,0.000000,0.000000,0.000000,0.000000,0.000000,0.000000,0.000000,0.000000,0.000000,0.158436,0.831784,0.128699,0.033463,0.000000,0.000000,0.886318,1.000000,0.000000,0.420455,1.000000,0.000000,0.526147,0.130305,0.983716,1.000000,1.000000,1.000000
0.500000,0.000000,0.107309,0.868529,1.000000,0.000000,0.234091,1.000000,0.110696,0.000000,0.024063,1.000000,1.000000,0.000000,0.000000,0.235843,1.000000,0.868232,0.641742,0.683455,0.511127,0.383056,0.349847,0.000000,0.476789,0.661581,0.526330,0.000000,1.000000,0.708782,1.000000,0.999643,1.000000,0.064538,0.000000,0.566189,0.646387,1.000000,1.000000,1.000000,1.000000,0.450753,0.728915,0.000000,0.000000,0.272741,0.089454,1.000000,0.789375,0.451065,0.000000,0.000000,1.000000,0.435983,0.000000,0.000000,0.000000,0.000000,0.000000,0.000000,0.000000,0.000000,0.000000,0.146174,0.954291,0.109660,0.044693,0.000000,0.000000,0.976929,1.000000,0.000000,0.603328,0.998716,0.000000,0.405411,0.237804,1.000000,1.000000,1.000000,1.000000
0.533333,0.000000,0.000000,0.818393,1.000000,0.000000,0.255432,0.975304,0.077024,0.000000,0.085242,1.000000,1.000000,0.000000,0.000000,0.179458,1.000000,0.867129,0.647125,0.704434,0.525855,0.386181,0.353439,0.000000,0.366242,0.665264,0.452201,0.000000,1.000000,0.664897,1.000000,1.000000,1.000000,0.000000,0.000000,0.615274,0.580664,1.000000,1.000000,1.000000,1.000000,0.476834,0.780598,0.000000,0.000000,0.309749,0.140580,1.000000,0.797228,0.570107,0.000000,0.000000,1.000000,0.208961,0.000000,0.000000,0.000000,0.000000,0.000000,0.000000,0.000000,0.000000,0.000000,0.162608,0.988093,0.092786,0.045575,0.000000,0.000000,0.995829,1.000000,0.000000,0.685292,1.000000,0.000000,0.305787,0.359953,1.000000,1.000000,1.000000,1.000000
0.566667,0.000000,0.079173,0.854956,1.000000,0.000000,0.238572,1.000000,0.099931,0.000000,0.056110,1.000000,1.000000,0.000000,0.000000,0.206057,1.000000,0.867296,0.650613,0.660026,0.466913,0.388137,0.363182,0.000000,0.503847,0.648787,0.495447,0.000000,1.000000,0.683432,1.000000,1.000000,1.000000,0.094364,0.000000,0.516145,0.671640,1.000000,1.000000,1.000000,1.000000,0.452006,0.749130,0.000000,0.000000,0.257730,0.077357,1.000000,0.777396,0.472979,0.000000,0.000000,1.000000,0.346048,0.000000,0.000000,0.000000,0.000000,0.000000,0.000000,0.000000,0.000000,0.000000,0.160743,0.950766,0.100422,0.032712,0.000000,0.000000,0.972110,1.000000,0.000000,0.664224,1.000000,0.000000,0.323152,0.270911,1.000000,1.000000,1.000000,1.000000
0.600000,0.000000,0.132806,0.879450,1.000000,0.000000,0.232707,1.000000,0.106314,0.000000,0.039840,1.000000,1.000000,0.000000,0.000000,0.205391,1.000000,0.866791,0.648838,0.636196,0.465922,0.387270,0.364963,0.000000,0.553545,0.646314,0.516923,0.000000,1.000000,0.698308,1.000000,1.000000,1.000000,0.167105,0.000000,0.470538,0.719871,1.000000,1.000000,1.000000,1.000000,0.434297,0.718065,0.000000,0.000000,0.237893,0.054034,1.000000,0.771839,0.424367,0.000000,0.000000,1.000000,0.419998,0.000000,0.000000,0.000000,0.000000,0.000000,0.000000,0.000000,0.000000,0.000000,0.158496,0.932545,0.096775,0.024825,0.000000,0.000000,0.940606,1.000000,0.000000,0.660532,1.000000,0.000000,0.326279,0.238309,1.000000,1.000000,1.000000,1.000000
0.633333,0.000000,0.084930,0.858817,1.000000,0.000000,0.237404,1.000000,0.097849,0.000000,0.063247,1.000000,1.000000,0.000000,0.000000,0.191950,1.000000,0.865673,0.646684,0.642215,0.443868,0.386456,0.363801,0.000000,0.514480,0.646513,0.495303,0.000000,1.000000,0.683236,1.000000,1.000000,1.000000,0.111311,0.000000,0.496127,0.699175,1.000000,1.000000,1.000000,1.000000,0.444942,0.740471,0.000000,0.000000,0.252782,0.074166,1.000000,0.775476,0.464724,0.000000,0.000000,1.000000,0.344247,0.000000,0.000000,0.000000,0.000000,0.000000,0.000000,0.000000,0.000000,0.000000,0.162878,0.949755,0.097278,0.027096,0.000000,0.000000,0.960949,1.000000,0.000000,0.689929,1.000000,0.000000,0.299968,0.274956,1.000000,1.000000,1.000000,1.000000
0.666667,0.000000,0.085376,0.858745,1.000000,0.000000,0.237392,1.000000,0.093155,0.000000,0.070326,1.000000,1.000000,0.000000,0.000000,0.182043,1.000000,0.864679,0.646132,0.637234,0.442260,0.386635,0.363852,0.000000,0.506994,0.648498,0.494948,0.000000,1.000000,0.682877,1.000000,1.000000,1.000000,0.103196,0.000000,0.492660,0.712352,1.000000,1.000000,1.000000,1.000000,0.441835,0.736491,0.000000,0.000000,0.253009,0.076772,1.000000,0.775476,0.464665,0.000000,0.000000,1.000000,0.331791,0.000000,0.000000,0.000000,0.000000,0.000000,0.000000,0.000000,0.000000,0.000000,0.165046,0.956134,0.095099,0.023726,0.000000,0.000000,0.959077,1.000000,0.000000,0.707155,1.000000,0.000000,0.285941,0.290059,1.000000,1.000000,1.000000,1.000000
0.700000,0.000000,0.128881,0.878659,1.000000,0.000000,0.233995,1.000000,0.092602,0.000000,0.060227,1.000000,1.000000,0.000000,0.000000,0.173296,1.000000,0.863556,0.645088,0.622543,0.466041,0.386590,0.363943,0.000000,0.525440,0.651534,0.511870,0.000000,1.000000,0.696372,1.000000,1.000000,1.000000,0.130573,0.000000,0.464343,0.752897,1.000000,1.000000,1.000000,1.000000,0.425698,0.706047,0.000000,0.000000,0.242070,0.066086,1.000000,0.773299,0.428375,0.000000,0.000000,1.000000,0.379705,0.000000,0.000000,0.000000,0.000000,0.000000,0.000000,0.000000,0.000000,0.000000,0.163830,0.951894,0.088402,0.016301,0.000000,0.000000,0.936745,1.000000,0.000000,0.713510,1.000000,0.000000,0.282910,0.283704,1.000000,1.000000,1.000000,1.000000
0.733333,0.000000,0.134814,0.880806,1.000000,0.000000,0.233845,1.000000,0.087137,0.000000,0.074651,1.000000,1.000000,0.000000,0.000000,0.163238,1.000000,0.862626,0.645387,0.616604,0.467334,0.387272,0.363927,0.000000,0.523076,0.652166,0.510687,0.000000,1.000000,0.693168,1.000000,1.000000,1.000000,0.128415,0.000000,0.454847,0.784869,1.000000,1.000000,1.000000,1.000000,0.418413,0.694529,0.000000,0.000000,0.238072,0.067059,1.000000,0.771003,0.418633,0.000000,0.000000,1.000000,0.367578,0.000000,0.000000,0.000000,0.000000,0.000000,0.000000,0.000000,0.000000,0.000000,0.168446,0.955894,0.085341,0.010078,0.000000,0.000000,0.930932,1.000000,0.000000,0.737421,1.000000,0.000000,0.266465,0.308786,1.000000,1.000000,1.000000,1.000000
0.766667,0.000000,0.120900,0.875011,1.000000,0.000000,0.231858,1.000000,0.082725,0.000000,0.109630,1.000000,1.000000,0.000000,0.000000,0.173760,1.000000,0.862142,0.645939,0.616895,0.425844,0.387918,0.363721,0.000000,0.536912,0.645756,0.501392,0.000000,1.000000,0.674913,1.000000,1.000000,1.000000,0.154231,0.000000,0.445583,0.832712,1.000000,1.000000,1.000000,1.000000,0.415953,0.694027,0.000000,0.000000,0.228069,0.064376,1.000000,0.761944,0.413855,0.000000,0.000000,1.000000,0.320857,0.000000,0.000000,0.000000,0.000000,0.000000,0.000000,0.000000,0.000000,0.000000,0.181166,0.950406,0.092374,0.003041,0.000000,0.000000,0.932289,1.000000,0.000000,0.752396,1.000000,0.000000,0.254328,0.347267,1.000000,1.000000,1.000000,1.000000
0.800000,0.000000,0.135332,0.880011,1.000000,0.000000,0.232052,1.000000,0.090067,0.000000,0.075058,1.000000,1.000000,0.000000,0.000000,0.166639,1.000000,0.861834,0.646368,0.610810,0.442077,0.388358,0.366820,0.000000,0.539796,0.648230,0.511583,0.000000,1.000000,0.691803,1.000000,1.000000,1.000000,0.155485,0.000000,0.443195,0.798233,1.000000,1.000000,1.000000,1.000000,0.419774,0.700407,0.000000,0.000000,0.232597,0.059418,1.000000,0.767854,0.413344,0.000000,0.000000,1.000000,0.369168,0.000000,0.000000,0.000000,0.000000,0.000000,0.000000,0.000000,0.000000,0.000000,0.169955,0.950354,0.087296,0.008383,0.000000,0.000000,0.927665,1.000000,0.000000,0.738079,1.000000,0.000000,0.262008,0.298906,1.000000,1.000000,1.000000,1.000000
0.833333,0.000000,0.165436,0.895020,1.000000,0.000000,0.232508,1.000000,0.096282,0.000000,0.032655,1.000000,1.000000,0.000000,0.000000,0.164259,1.000000,0.861660,0.646267,0.607381,0.490654,0.388487,0.367851,0.000000,0.543461,0.653108,0.526357,0.000000,1.000000,0.713749,1.000000,1.000000,1.000000,0.151437,0.000000,0.439909,0.762707,1.000000,1.000000,1.000000,1.000000,0.418930,0.692380,0.000000,0.000000,0.235968,0.053989,1.000000,0.773612,0.403747,0.000000,0.000000,1.000000,0.439472,0.000000,0.000000,0.000000,0.000000,0.000000,0.000000,0.000000,0.000000,0.000000,0.157743,0.946830,0.079122,0.013881,0.000000,0.000000,0.919644,1.000000,0.000000,0.704745,1.000000,0.000000,0.281924,0.250365,1.000000,1.000000,1.000000,1.000000
0.866667,0.000000,0.166243,0.896562,1.000000,0.000000,0.234930,1.000000,0.099627,0.000000,0.005303,1.000000,1.000000,0.000000,0.000000,0.162734,1.000000,0.861463,0.646105,0.611395,0.519755,0.388595,0.368287,0.000000,0.530615,0.656586,0.528707,0.000000,1.000000,0.725148,1.000000,1.000000,1.000000,0.125438,0.000000,0.453827,0.713682,1.000000,1.000000,1.000000,1.000000,0.426206,0.700910,0.000000,0.000000,0.246219,0.057831,1.000000,0.780084,0.417085,0.000000,0.000000,1.000000,0.465978,0.000000,0.000000,0.000000,0.000000,0.000000,0.000000,0.000000,0.000000,0.000000,0.148683,0.949753,0.074939,0.021793,0.000000,0.000000,0.925186,1.000000,0.000000,0.679571,1.000000,0.000000,0.295370,0.220356,1.000000,1.000000,1.000000,1.000000
0.900000,0.000000,0.135395,0.882140,1.000000,0.000000,0.234472,1.000000,0.095475,0.000000,0.041140,1.000000,1.000000,0.000000,0.000000,0.174834,1.000000,0.861480,0.646721,0.619210,0.477430,0.389017,0.367071,0.000000,0.529263,0.651242,0.514804,0.000000,1.000000,0.704381,1.000000,1.000000,1.000000,0.130178,0.000000,0.462586,0.733332,1.000000,1.000000,1.000000,1.000000,0.430841,0.713202,0.000000,0.000000,0.243739,0.062412,1.000000,0.774354,0.429136,0.000000,0.000000,1.000000,0.402882,0.000000,0.000000,0.000000,0.000000,0.000000,0.000000,0.000000,0.000000,0.000000,0.159795,0.950051,0.084797,0.019356,0.000000,0.000000,0.936968,1.000000,0.000000,0.691845,1.000000,0.000000,0.287649,0.259411,1.000000,1.000000,1.000000,1.000000
0.933333,0.000000,0.111462,0.869819,1.000000,0.000000,0.231186,1.000000,0.090472,0.000000,0.093737,1.000000,1.000000,0.000000,0.000000,0.186992,1.000000,0.861523,0.647149,0.619733,0.407667,0.389191,0.366271,0.000000,0.545381,0.642821,0.502342,0.000000,1.000000,0.678035,1.000000,1.000000,1.000000,0.166880,0.000000,0.453773,0.798057,1.000000,1.000000,1.000000,1.000000,0.428000,0.715876,0.000000,0.000000,0.231094,0.060108,1.000000,0.763542,0.425067,0.000000,0.000000,1.000000,0.332992,0.000000,0.000000,0.000000,0.000000,0.000000,0.000000,0.000000,0.000000,0.000000,0.176709,0.945488,0.097242,0.010160,0.000000,0.000000,0.939583,1.000000,0.000000,0.724354,1.000000,0.000000,0.269581,0.312755,1.000000,1.000000,1.000000,1.000000
0.966667,0.000000,0.120575,0.873031,1.000000,0.000000,0.228696,1.000000,0.089425,0.000000,0.108628,1.000000,1.000000,0.000000,0.000000,0.184260,1.000000,0.861397,0.646964,0.611917,0.388513,0.389001,0.366535,0.000000,0.560279,0.640700,0.505004,0.000000,1.000000,0.674416,1.000000,1.000000,1.000000,0.194216,0.000000,0.435946,0.841431,1.000000,1.000000,1.000000,1.000000,0.419731,0.704507,0.000000,0.000000,0.221726,0.054038,1.000000,0.758996,0.408724,0.000000,0.000000,1.000000,0.328199,0.000000,0.000000,0.000000,0.000000,0.000000,0.000000,0.000000,0.000000,0.000000,0.181771,0.941946,0.098343,0.003233,0.000000,0.000000,0.929519,1.000000,0.000000,0.745170,1.000000,0.000000,0.258175,0.327327,1.000000,1.000000,1.000000,1.000000
1.000000,0.000000,0.142741,0.883370,1.000000,0.000000,0.229210,1.000000,0.092298,0.000000,0.081770,1.000000,1.000000,0.000000,0.000000,0.172701,1.000000,0.861139,0.646379,0.605395,0.422907,0.388669,0.367502,0.000000,0.559240,0.645057,0.515280,0.000000,1.000000,0.690187,1.000000,1.000000,1.000000,0.187658,0.000000,0.428761,0.826827,1.000000,1.000000,1.000000,1.000000,0.416131,0.695580,0.000000,0.000000,0.224143,0.051417,1.000000,0.763674,0.400347,0.000000,0.000000,1.000000,0.372024,0.000000,0.000000,0.000000,0.000000,0.000000,0.000000,0.000000,0.000000,0.000000,0.173458,0.943206,0.090210,0.004604,0.000000,0.000000,0.920715,1.000000,0.000000,0.739300,1.000000,0.000000,0.260409,0.299332,1.000000,1.000000,1.000000,1.000000
1.033333,0.000000,0.138339,0.880917,1.000000,0.000000,0.233346,1.000000,0.097678,0.000000,0.041369,1.000000,1.000000,0.000000,0.000000,0.160242,1.000000,0.860986,0.646343,0.606610,0.453487,0.388777,0.369967,0.000000,0.537136,0.649885,0.517221,0.000000,1.000000,0.706508,1.000000,1.000000,1.000000,0.147007,0.000000,0.447138,0.749889,1.000000,1.000000,1.000000,1.000000,0.428238,0.714789,0.000000,0.000000,0.240931,0.057727,1.000000,0.774974,0.424300,0.000000,0.000000,1.000000,0.405231,0.000000,0.000000,0.000000,0.000000,0.000000,0.000000,0.000000,0.000000,0.000000,0.158742,0.951697,0.082672,0.015710,0.000000,0.000000,0.928574,1.000000,0.000000,0.720698,1.000000,0.000000,0.267965,0.250981,1.000000,1.000000,1.000000,1.000000
1.066667,0.000000,0.144895,0.884736,1.000000,0.000000,0.233034,1.000000,0.098633,0.000000,0.035655,1.000000,1.000000,0.000000,0.000000,0.165130,1.000000,0.861115,0.646822,0.607188,0.460591,0.389131,0.370216,0.000000,0.542688,0.650025,0.520144,0.000000,1.000000,0.709048,1.000000,1.000000,1.000000,0.152896,0.000000,0.444729,0.745335,1.000000,1.000000,1.000000,1.000000,0.427870,0.712397,0.000000,0.000000,0.239222,0.054769,1.000000,0.774220,0.420253,0.000000,0.000000,1.000000,0.417262,0.000000,0.000000,0.000000,0.000000,0.000000,0.000000,0.000000,0.000000,0.000000,0.158060,0.948096,0.082453,0.016252,0.000000,0.000000,0.927293,1.000000,0.000000,0.707544,1.000000,0.000000,0.274966,0.243979,1.000000,1.000000,1.000000,1.000000
1.100000,0.000000,0.142025,0.883679,1.000000,0.000000,0.231438,1.000000,0.097320,0.000000,0.050773,1.000000,1.000000,0.000000,0.000000,0.172430,1.000000,0.861153,0.646787,0.607691,0.441357,0.389132,0.369708,0.000000,0.552099,0.647391,0.518016,0.000000,1.000000,0.701845,1.000000,1.000000,1.000000,0.170080,0.000000,0.439391,0.768846,1.000000,1.000000,1.000000,1.000000,0.425647,0.709788,0.000000,0.000000,0.233373,0.052126,1.000000,0.769875,0.414616,0.000000,0.000000,1.000000,0.400952,0.000000,0.000000,0.000000,0.000000,0.000000,0.000000,0.000000,0.000000,0.000000,0.163721,0.944095,0.086665,0.012996,0.000000,0.000000,0.926571,1.000000,0.000000,0.711112,1.000000,0.000000,0.273038,0.259234,1.000000,1.000000,1.000000,1.000000
1.133333,0.000000,0.122408,0.873893,1.000000,0.000000,0.230649,1.000000,0.094032,0.000000,0.078403,1.000000,1.000000,0.000000,0.000000,0.174965,1.000000,0.861066,0.646614,0.608832,0.403659,0.389017,0.369359,0.000000,0.552937,0.643593,0.508936,0.000000,1.000000,0.687622,1.000000,1.000000,1.000000,0.178224,0.000000,0.439628,0.794252,1.000000,1.000000,1.000000,1.000000,0.426488,0.716027,0.000000,0.000000,0.230316,0.054283,1.000000,0.765953,0.420147,0.000000,0.000000,1.000000,0.356071,0.000000,0.000000,0.000000,0.000000,0.000000,0.000000,0.000000,0.000000,0.000000,0.171870,0.945311,0.092633,0.009289,0.000000,0.000000,0.931172,1.000000,0.000000,0.732574,1.000000,0.000000,0.259585,0.288104,1.000000,1.000000,1.000000,1.000000
1.166667,0.000000,0.118606,0.871300,1.000000,0.000000,0.229345,1.000000,0.091681,0.000000,0.096605,1.000000,1.000000,0.000000,0.000000,0.173573,1.000000,0.860963,0.646631,0.605527,0.381316,0.388997,0.369426,0.000000,0.558716,0.641478,0.506443,0.000000,1.000000,0.680271,1.000000,1.000000,1.000000,0.192020,0.000000,0.431602,0.824116,1.000000,1.000000,1.000000,1.000000,0.422920,0.713235,0.000000,0.000000,0.225052,0.052752,1.000000,0.762414,0.415204,0.000000,0.000000,1.000000,0.334902,0.000000,0.000000,0.000000,0.000000,0.000000,0.000000,0.000000,0.000000,0.000000,0.177540,0.945041,0.095150,0.004353,0.000000,0.000000,0.928546,1.000000,0.000000,0.752148,1.000000,0.000000,0.247662,0.307578,1.000000,1.000000,1.000000,1.000000
1.200000,0.000000,0.129686,0.876150,1.000000,0.000000,0.228616,1.000000,0.092234,0.000000,0.092152,1.000000,1.000000,0.000000,0.000000,0.169001,1.000000,0.860828,0.646479,0.600541,0.386774,0.388907,0.369914,0.000000,0.563698,0.642415,0.511216,0.000000,1.000000,0.684668,1.000000,1.000000,1.000000,0.199614,0.000000,0.422808,0.833718,1.000000,1.000000,1.000000,1.000000,0.418920,0.706361,0.000000,0.000000,0.222550,0.049512,1.000000,0.762325,0.406425,0.000000,0.000000,1.000000,0.348729,0.000000,0.000000,0.000000,0.000000,0.000000,0.000000,0.000000,0.000000,0.000000,0.176469,0.944174,0.092836,0.002284,0.000000,0.000000,0.922131,1.000000,0.000000,0.756231,1.000000,0.000000,0.244783,0.302531,1.000000,1.000000,1.000000,1.000000
1.233333,0.000000,0.132314,0.876609,1.000000,0.000000,0.230460,1.000000,0.096234,0.000000,0.065414,1.000000,1.000000,0.000000,0.000000,0.159659,1.000000,0.860720,0.646407,0.598573,0.404247,0.388927,0.371828,0.000000,0.553795,0.645720,0.515306,0.000000,1.000000,0.696788,1.000000,1.000000,1.000000,0.181359,0.000000,0.429402,0.792065,1.000000,1.000000,1.000000,1.000000,0.424570,0.715596,0.000000,0.000000,0.231205,0.051169,1.000000,0.769212,0.416009,0.000000,0.000000,1.000000,0.376264,0.000000,0.000000,0.000000,0.000000,0.000000,0.000000,0.000000,0.000000,0.000000,0.166942,0.948806,0.087818,0.007946,0.000000,0.000000,0.923675,1.000000,0.000000,0.747473,1.000000,0.000000,0.248161,0.269197,1.000000,1.000000,1.000000,1.000000
1.266667,0.000000,0.134850,0.878315,1.000000,0.000000,0.230449,1.000000,0.096204,0.000000,0.063609,1.000000,1.000000,0.000000,0.000000,0.161520,1.000000,0.860758,0.646582,0.598879,0.408068,0.389085,0.371872,0.000000,0.555454,0.645949,0.516317,0.000000,1.000000,0.697646,1.000000,1.000000,1.000000,0.182600,0.000000,0.428366,0.790239,1.000000,1.000000,1.000000,1.000000,0.424274,0.714246,0.000000,0.000000,0.230516,0.050209,1.000000,0.768748,0.414509,0.000000,0.000000,1.000000,0.379960,0.000000,0.000000,0.000000,0.000000,0.000000,0.000000,0.000000,0.000000,0.000000,0.166953,0.947518,0.087530,0.007913,0.000000,0.000000,0.923341,1.000000,0.000000,0.741895,1.000000,0.000000,0.250532,0.267686,1.000000,1.000000,1.000000,1.000000
1.300000,0.000000,0.132464,0.877854,1.000000,0.000000,0.228585,1.000000,0.092391,0.000000,0.088566,1.000000,1.000000,0.000000,0.000000,0.167537,1.000000,0.860702,0.646387,0.598225,0.386350,0.389007,0.370763,0.000000,0.566022,0.642764,0.512640,0.000000,1.000000,0.686787,1.000000,1.000000,1.000000,0.202280,0.000000,0.418788,0.831665,1.000000,1.000000,1.000000,1.000000,0.418636,0.706115,0.000000,0.000000,0.221941,0.047768,1.000000,0.762359,0.405261,0.000000,0.000000,1.000000,0.353299,0.000000,0.000000,0.000000,0.000000,0.000000,0.000000,0.000000,0.000000,0.000000,0.175953,0.943489,0.091683,0.001721,0.000000,0.000000,0.920672,1.000000,0.000000,0.754369,1.000000,0.000000,0.242789,0.297406,1.000000,1.000000,1.000000,1.000000
1.333333,0.000000,0.125218,0.874045,1.000000,0.000000,0.227772,1.000000,0.089357,0.000000,0.107990,1.000000,1.000000,0.000000,0.000000,0.164945,1.000000,0.860486,0.646033,0.595497,0.363710,0.388831,0.370666,0.000000,0.568655,0.640577,0.508159,0.000000,1.000000,0.678496,1.000000,1.000000,1.000000,0.210829,0.000000,0.412774,0.859825,1.000000,1.000000,1.000000,1.000000,0.415784,0.704592,0.000000,0.000000,0.218053,0.048012,1.000000,0.759191,0.403846,0.000000,0.000000,1.000000,0.326724,0.000000,0.000000,0.000000,0.000000,0.000000,0.000000,0.000000,0.000000,0.000000,0.181821,0.944295,0.093854,0.000000,0.000000,0.000000,0.919519,1.000000,0.000000,0.775542,1.000000,0.000000,0.228963,0.319580,1.000000,1.000000,1.000000,1.000000
1.366667,0.000000,0.121654,0.870859,1.000000,0.000000,0.228482,1.000000,0.090310,0.000000,0.103216,1.000000,1.000000,0.000000,0.000000,0.155422,1.000000,0.860329,0.646129,0.591360,0.358049,0.388918,0.372385,0.000000,0.564187,0.641108,0.508000,0.000000,1.000000,0.680903,1.000000,1.000000,1.000000,0.205428,0.000000,0.412402,0.849805,1.000000,1.000000,1.000000,1.000000,0.417919,0.711179,0.000000,0.000000,0.221093,0.048876,1.000000,0.761694,0.409536,0.000000,0.000000,1.000000,0.326938,0.000000,0.000000,0.000000,0.000000,0.000000,0.000000,0.000000,0.000000,0.000000,0.179092,0.948409,0.091861,0.000000,0.000000,0.000000,0.919461,1.000000,0.000000,0.787139,1.000000,0.000000,0.220179,0.311012,1.000000,1.000000,1.000000,1.000000
1.400000,0.000000,0.133063,0.876393,1.000000,0.000000,0.227573,1.000000,0.090081,0.000000,0.103698,1.000000,1.000000,0.000000,0.000000,0.154080,1.000000,0.860294,0.646235,0.586630,0.360556,0.389021,0.372792,0.000000,0.573579,0.640741,0.511550,0.000000,1.000000,0.682424,1.000000,1.000000,1.000000,0.218502,0.000000,0.400874,0.866307,1.000000,1.000000,1.000000,1.000000,0.412758,0.702066,0.000000,0.000000,0.215993,0.044367,1.000000,0.759583,0.398403,0.000000,0.000000,1.000000,0.336332,0.000000,0.000000,0.000000,0.000000,0.000000,0.000000,0.000000,0.000000,0.000000,0.180148,0.944917,0.090162,0.000000,0.000000,0.000000,0.912478,1.000000,0.000000,0.789935,1.000000,0.000000,0.217570,0.311881,1.000000,1.000000,1.000000,1.000000
1.433333,0.000000,0.139463,0.879775,1.000000,0.000000,0.227120,1.000000,0.089372,0.000000,0.104962,1.000000,1.000000,0.000000,0.000000,0.151095,1.000000,0.860136,0.645832,0.582826,0.360729,0.388860,0.373054,0.000000,0.578420,0.640555,0.513016,0.000000,1.000000,0.683205,1.000000,1.000000,1.000000,0.225123,0.000000,0.392670,0.879135,1.000000,1.000000,1.000000,1.000000,0.409034,0.695783,0.000000,0.000000,0.213078,0.042139,1.000000,0.758364,0.392155,0.000000,0.000000,1.000000,0.339391,0.000000,0.000000,0.000000,0.000000,0.000000,0.000000,0.000000,0.000000,0.000000,0.181066,0.943395,0.088473,0.000000,0.000000,0.000000,0.907729,1.000000,0.000000,0.795172,1.000000,0.000000,0.212695,0.314426,1.000000,1.000000,1.000000,1.000000
1.466667,0.000000,0.139621,0.879931,1.000000,0.000000,0.227419,1.000000,0.087645,0.000000,0.108137,1.000000,1.000000,0.000000,0.000000,0.145141,1.000000,0.859921,0.645556,0.579879,0.359229,0.388796,0.373499,0.000000,0.577040,0.640706,0.511930,0.000000,1.000000,0.682601,1.000000,1.000000,1.000000,0.223015,0.000000,0.388291,0.886919,1.000000,1.000000,1.000000,1.000000,0.407062,0.693479,0.000000,0.000000,0.212584,0.042641,1.000000,0.758135,0.391930,0.000000,0.000000,1.000000,0.333270,0.000000,0.000000,0.000000,0.000000,0.000000,0.000000,0.000000,0.000000,0.000000,0.182020,0.945060,0.086568,0.000000,0.000000,0.000000,0.905790,1.000000,0.000000,0.805473,1.000000,0.000000,0.203904,0.320515,1.000000,1.000000,1.000000,1.000000
1.500000,0.000000,0.141760,0.880916,1.000000,0.000000,0.226994,1.000000,0.085620,0.000000,0.115954,1.000000,1.000000,0.000000,0.000000,0.140646,1.000000,0.859730,0.645455,0.575639,0.352136,0.388836,0.373992,0.000000,0.580855,0.639942,0.511286,0.000000,1.000000,0.680325,1.000000,1.000000,1.000000,0.229747,0.000000,0.379447,0.906063,1.000000,1.000000,1.000000,1.000000,0.403234,0.688522,0.000000,0.000000,0.209115,0.041120,1.000000,0.756218,0.387325,0.000000,0.000000,1.000000,0.325037,0.000000,0.000000,0.000000,0.000000,0.000000,0.000000,0.000000,0.000000,0.000000,0.184790,0.944796,0.085556,0.000000,0.000000,0.000000,0.901739,1.000000,0.000000,0.818472,1.000000,0.000000,0.193794,0.330947,1.000000,1.000000,1.000000,1.000000
1.533333,0.000000,0.140290,0.880043,1.000000,0.000000,0.226280,1.000000,0.082646,0.000000,0.132435,1.000000,1.000000,0.000000,0.000000,0.137340,1.000000,0.859663,0.645760,0.570657,0.338045,0.388992,0.374198,0.000000,0.586829,0.638098,0.508792,0.000000,1.000000,0.673846,1.000000,1.000000,1.000000,0.241402,0.000000,0.369041,0.931193,1.000000,1.000000,1.000000,1.000000,0.398745,0.683637,0.000000,0.000000,0.203685,0.039360,1.000000,0.752628,0.382299,0.000000,0.000000,1.000000,0.305557,0.000000,0.000000,0.000000,0.000000,0.000000,0.000000,0.000000,0.000000,0.000000,0.190261,0.943927,0.086152,0.000000,0.000000,0.000000,0.897908,1.000000,0.000000,0.837366,1.000000,0.000000,0.180395,0.350659,1.000000,1.000000,1.000000,1.000000
1.566667,0.000000,0.145146,0.881914,1.000000,0.000000,0.224228,1.000000,0.080423,0.000000,0.152976,1.000000,1.000000,0.000000,0.000000,0.136530,1.000000,0.859578,0.645718,0.563132,0.315650,0.389022,0.374216,0.000000,0.601389,0.635043,0.508569,0.000000,1.000000,0.666851,1.000000,1.000000,1.000000,0.267377,0.000000,0.352469,0.975009,1.000000,1.000000,1.000000,1.000000,0.390993,0.673092,0.000000,0.000000,0.194085,0.034297,1.000000,0.746949,0.368588,0.000000,0.000000,1.000000,0.290962,0.000000,0.000000,0.000000,0.000000,0.000000,0.000000,0.000000,0.000000,0.000000,0.197209,0.939379,0.087944,0.000000,0.000000,0.000000,0.889653,1.000000,0.000000,0.858267,1.000000,0.000000,0.168297,0.372530,1.000000,1.000000,1.000000,1.000000
1.600000,0.000000,0.140386,0.879662,1.000000,0.000000,0.222328,1.000000,0.074575,0.000000,0.189505,1.000000,1.000000,0.000000,0.000000,0.133165,1.000000,0.859437,0.645576,0.555532,0.280517,0.388971,0.373874,0.000000,0.612816,0.630899,0.503371,0.000000,1.000000,0.652697,1.000000,1.000000,1.000000,0.291783,0.000000,0.334559,1.000000,1.000000,1.000000,1.000000,1.000000,0.382093,0.662874,0.000000,0.000000,0.183422,0.031679,1.000000,0.739430,0.358547,0.000000,0.000000,1.000000,0.249358,0.000000,0.000000,0.000000,0.000000,0.000000,0.000000,0.000000,0.000000,0.000000,0.209081,0.936958,0.091025,0.000000,0.000000,0.000000,0.883046,1.000000,0.000000,0.894718,1.000000,0.000000,0.144825,0.415584,1.000000,1.000000,1.000000,1.000000
1.633333,0.000000,0.148273,0.883979,1.000000,0.000000,0.220028,1.000000,0.068136,0.000000,0.224734,1.000000,1.000000,0.000000,0.000000,0.124806,1.000000,0.859263,0.645373,0.542072,0.252362,0.388881,0.373889,0.000000,0.631249,0.626976,0.502199,0.000000,1.000000,0.641764,1.000000,1.000000,1.000000,0.324989,0.000000,0.304275,1.000000,1.000000,1.000000,1.000000,1.000000,0.367192,0.641758,0.000000,0.000000,0.168800,0.025454,1.000000,0.730789,0.338858,0.000000,0.000000,1.000000,0.217570,0.000000,0.000000,0.000000,0.000000,0.000000,0.000000,0.000000,0.000000,0.000000,0.221228,0.931468,0.090797,0.000000,0.000000,0.000000,0.868284,1.000000,0.000000,0.936834,1.000000,0.000000,0.116703,0.460163,1.000000,1.000000,1.000000,1.000000
1.666667,0.000000,0.167487,0.895574,1.000000,0.000000,0.217347,1.000000,0.059258,0.000000,0.267194,1.000000,1.000000,0.000000,0.000000,0.111584,1.000000,0.858913,0.644603,0.521703,0.227237,0.388520,0.373522,0.000000,0.658413,0.622084,0.502333,0.000000,1.000000,0.630571,1.000000,1.000000,1.000000,0.369083,0.000000,0.258250,1.000000,1.000000,1.000000,1.000000,1.000000,0.343927,0.605451,0.000000,0.000000,0.148407,0.016159,1.000000,0.719226,0.308948,0.000000,0.000000,1.000000,0.183594,0.000000,0.000000,0.000000,0.000000,0.000000,0.000000,0.000000,0.000000,0.000000,0.236783,0.920820,0.087301,0.000000,0.000000,0.000000,0.844156,1.000000,0.000000,0.989643,1.000000,0.000000,0.079675,0.519320,1.000000,1.000000,1.000000,1.000000
1.700000,0.000000,0.182785,0.907459,1.000000,0.000000,0.215333,1.000000,0.046066,0.000000,0.327985,1.000000,1.000000,0.000000,0.000000,0.091442,1.000000,0.858268,0.643259,0.495176,0.192633,0.387949,0.372609,0.000000,0.686900,0.614737,0.496185,0.000000,1.000000,0.612454,1.000000,1.000000,1.000000,0.414632,0.000000,0.202405,1.000000,1.000000,1.000000,1.000000,1.000000,0.315273,0.561283,0.000000,0.000000,0.125082,0.008450,1.000000,0.704325,0.280622,0.000000,0.000000,0.940483,0.121302,0.000000,0.000000,0.000000,0.000000,0.000000,0.000000,0.000000,0.000000,0.000000,0.258375,0.907585,0.082001,0.000000,0.000000,0.000000,0.816072,1.000000,0.000000,1.000000,1.000000,0.000000,0.026182,0.607910,1.000000,1.000000,1.000000,1.000000
1.733333,0.000000,0.199713,0.921280,1.000000,0.000000,0.214305,1.000000,0.032266,0.000000,0.387176,1.000000,1.000000,0.000000,0.000000,0.062812,1.000000,0.857325,0.641550,0.462899,0.163465,0.387329,0.372091,0.000000,0.713293,0.607427,0.488563,0.000000,1.000000,0.596318,1.000000,1.000000,1.000000,0.454947,0.000000,0.141041,1.000000,1.000000,1.000000,1.000000,1.000000,0.284593,0.514076,0.000000,0.000000,0.103128,0.001714,1.000000,0.690587,0.255223,0.000000,0.000000,0.867603,0.055802,0.000000,0.000000,0.000000,0.000000,0.000000,0.000000,0.000000,0.000000,0.000000,0.279456,0.893594,0.072986,0.000000,0.000000,0.000000,0.784707,1.000000,0.000000,1.000000,1.000000,0.000000,0.000000,0.701370,1.000000,1.000000,1.000000,1.000000
1.766667,0.000000,0.222003,0.936879,1.000000,0.000000,0.214471,1.000000,0.021596,0.000000,0.421028,1.000000,1.000000,0.000000,0.000000,0.029073,1.000000,0.856198,0.639908,0.431881,0.159186,0.386926,0.372595,0.000000,0.729280,0.604188,0.485056,0.000000,1.000000,0.591329,1.000000,1.000000,1.000000,0.476513,0.000000,0.086603,1.000000,1.000000,1.000000,1.000000,1.000000,0.258025,0.472417,0.000000,0.000000,0.088430,0.000000,1.000000,0.683267,0.234383,0.000000,0.000000,0.807146,0.016028,0.000000,0.000000,0.000000,0.000000,0.000000,0.000000,0.000000,0.000000,0.000000,0.292305,0.883995,0.059931,0.000000,0.000000,0.000000,0.755397,1.000000,0.000000,1.000000,1.000000,0.000000,0.000000,0.768713,1.000000,1.000000,1.000000,1.000000
1.800000,0.003497,0.248682,0.953429,1.000000,0.000000,0.215063,1.000000,0.014956,0.000000,0.428457,1.000000,1.000000,0.000000,0.000000,0.000682,1.000000,0.855034,0.638565,0.408486,0.178031,0.381130,0.373335,0.000000,0.736184,0.605169,0.486986,0.000000,1.000000,0.596466,1.000000,1.000000,1.000000,0.482175,0.000000,0.046697,1.000000,1.000000,1.000000,1.000000,1.000000,0.238309,0.439194,0.000000,0.000000,0.080573,0.000000,1.000000,0.681281,0.216580,0.000000,0.000000,0.768365,0.007755,0.000000,0.000000,0.000000,0.000000,0.000000,0.000000,0.000000,0.000000,0.000000,0.296920,0.878333,0.046372,0.000000,0.000000,0.000000,0.732072,1.000000,0.000000,1.000000,1.000000,0.000000,0.000000,0.803152,1.000000,1.000000,1.000000,1.000000
1.833333,0.004940,0.249044,0.956055,1.000000,0.000000,0.215969,1.000000,0.008529,0.000000,0.445488,1.000000,1.000000,0.000000,0.000000,0.000000,1.000000,0.854021,0.638072,0.397201,0.178447,0.378704,0.373211,0.000000,0.733391,0.604204,0.480962,0.000000,1.000000,0.591495,1.000000,1.000000,1.000000,0.477652,0.000000,0.031623,1.000000,1.000000,1.000000,1.000000,1.000000,0.229941,0.426537,0.000000,0.000000,0.078021,0.000000,1.000000,0.679026,0.216418,0.000000,0.000000,0.742290,0.000000,0.000000,0.000000,0.000000,0.000000,0.000000,0.000000,0.000000,0.000000,0.000000,0.303383,0.878173,0.041362,0.000000,0.000000,0.000000,0.725106,1.000000,0.000000,1.000000,1.000000,0.000000,0.000000,0.840187,1.000000,1.000000,1.000000,1.000000
1.866667,0.011860,0.210169,0.944158,1.000000,0.000000,0.215439,1.000000,0.000000,0.000000,0.534892,1.000000,1.000000,0.000000,0.000000,0.000000,1.000000,0.853340,0.638353,0.385963,0.103097,0.374416,0.369696,0.000000,0.755024,0.587324,0.453156,0.000000,1.000000,0.549266,1.000000,1.000000,1.000000,0.516551,0.000000,0.017202,1.000000,1.000000,1.000000,1.000000,1.000000,0.221830,0.418037,0.000000,0.000000,0.063233,0.000000,1.000000,0.661107,0.229631,0.002935,0.000000,0.694264,0.000000,0.000000,0.000000,0.000000,0.000000,0.000000,0.000000,0.000000,0.000000,0.000000,0.332819,0.861975,0.052960,0.000000,0.000000,0.000000,0.725321,1.000000,0.000000,1.000000,1.000000,0.000000,0.000000,0.951680,1.000000,1.000000,1.000000,1.000000
1.900000,0.024923,0.134316,0.923720,1.000000,0.000000,0.214920,1.000000,0.000000,0.000000,0.719978,1.000000,1.000000,0.000000,0.000000,0.026811,1.000000,0.852912,0.638849,0.357048,0.000000,0.364982,0.363015,0.000000,0.816950,0.548542,0.396705,0.000000,1.000000,0.462568,1.000000,1.000000,1.000000,0.618259,0.000000,0.000000,1.000000,0.916295,1.000000,1.000000,1.000000,0.205418,0.398650,0.000000,0.000000,0.030115,0.000000,0.938874,0.622163,0.257169,0.064158,0.000000,0.602905,0.000000,0.000000,0.000000,0.000000,0.000000,0.000000,0.000000,0.000000,0.000000,0.000000,0.392011,0.817922,0.076574,0.000000,0.000000,0.000000,0.720379,1.000000,0.000000,1.000000,1.000000,0.000000,0.000000,1.000000,1.000000,1.000000,1.000000,1.000000
1.933333,0.033849,0.014091,0.891821,1.000000,0.000000,0.218971,1.000000,0.000000,0.000000,0.975816,1.000000,1.000000,0.000000,0.000000,0.058151,1.000000,0.852571,0.639061,0.312902,0.000000,0.353789,0.354252,0.000000,0.891225,0.494357,0.307775,0.000000,1.000000,0.338834,1.000000,1.000000,1.000000,0.733968,0.000000,0.000000,1.000000,0.771754,1.000000,1.000000,1.000000,0.192296,0.381367,0.000000,0.000000,0.000000,0.001545,0.802537,0.570244,0.320934,0.144218,0.000000,0.491786,0.000000,0.000000,0.000000,0.000000,0.000000,0.000000,0.000000,0.000000,0.000000,0.000000,0.470914,0.760371,0.105286,0.000000,0.000000,0.000000,0.721902,1.000000,0.000000,1.000000,1.000000,0.000000,0.000000,1.000000,0.999972,1.000000,1.000000,1.000000
1.966667,0.029375,0.000000,0.839644,1.000000,0.000000,0.226454,1.000000,0.000000,0.000000,1.000000,1.000000,1.000000,0.000000,0.000000,0.088467,1.000000,0.852462,0.639901,0.276055,0.000000,0.350042,0.348028,0.000000,0.933298,0.444430,0.205434,0.000000,1.000000,0.205220,1.000000,1.000000,1.000000,0.805859,0.000000,0.000000,1.000000,0.644940,1.000000,1.000000,1.000000,0.200928,0.396620,0.000000,0.000000,0.000000,0.016299,0.727718,0.523248,0.414725,0.215047,0.000000,0.417687,0.000000,0.000000,0.000000,0.000000,0.002348,0.000000,0.000000,0.000000,0.031647,0.000000,0.474622,0.724799,0.136053,0.000000,0.000000,0.000000,0.749176,1.000000,0.000000,1.000000,1.000000,0.000000,0.000000,1.000000,1.000000,1.000000,1.000000,1.000000
2.000000,0.019891,0.000000,0.788050,1.000000,0.000000,0.229261,1.000000,0.000000,0.000000,1.000000,1.000000,1.000000,0.000000,0.000000,0.126873,1.000000,0.852955,0.642151,0.267800,0.000000,0.356496,0.347300,0.000000,0.958008,0.413136,0.139557,0.000000,1.000000,0.114839,1.000000,1.000000,1.000000,0.856684,0.000000,0.028230,1.000000,0.589263,1.000000,1.000000,1.000000,0.228126,0.443750,0.000000,0.000000,0.000000,0.022409,0.682590,0.493220,0.479098,0.235387,0.000000,0.427177,0.000000,0.000000,0.000000,0.000000,0.044646,0.000000,0.000000,0.000000,0.058017,0.000000,0.473418,0.713254,0.164783,0.000000,0.000000,0.000000,0.785670,1.000000,0.000000,1.000000,1.000000,0.000000,0.000000,1.000000,0.999768,1.000000,1.000000,1.000000
2.033333,0.004896,0.000000,0.737517,1.000000,0.000000,0.217855,1.000000,0.000000,0.000000,1.000000,1.000000,1.000000,0.000000,0.000000,0.162365,1.000000,0.854001,0.644803,0.325352,0.000000,0.383899,0.358145,0.000000,0.939258,0.423240,0.171922,0.000000,1.000000,0.141067,1.000000,1.000000,1.000000,0.858538,0.000000,0.108803,1.000000,0.708280,1.000000,1.000000,1.000000,0.284084,0.566969,0.000000,0.000000,0.000000,0.014621,0.735913,0.514011,0.461948,0.174723,0.000000,0.585220,0.000000,0.000000,0.000000,0.000000,0.000000,0.000000,0.000000,0.000000,0.023281,0.000000,0.470460,0.762354,0.190408,0.000000,0.000000,0.000000,0.828460,1.000000,0.000000,1.000000,1.000000,0.000000,0.000000,1.000000,1.000000,1.000000,1.000000,1.000000
2.066667,0.000000,0.000000,0.757490,1.000000,0.000000,0.214145,1.000000,0.082955,0.000000,0.594978,1.000000,1.000000,0.000000,0.000000,0.163438,1.000000,0.855944,0.649564,0.440316,0.000000,0.395578,0.382566,0.000000,0.818041,0.502018,0.345569,0.000000,1.000000,0.408738,1.000000,1.000000,1.000000,0.626076,0.000000,0.272134,1.000000,1.000000,1.000000,1.000000,1.000000,0.389821,0.750564,0.000000,0.000000,0.092327,0.006282,1.000000,0.640084,0.414770,0.000000,0.000000,1.000000,0.000000,0.000000,0.000000,0.000000,0.000000,0.000000,0.000000,0.000000,0.000000,0.000000,0.303436,0.855853,0.156935,0.000000,0.000000,0.000000,0.869797,1.000000,0.000000,1.000000,1.000000,0.000000,0.000000,0.732495,1.000000,1.000000,1.000000,1.000000
2.100000,0.000000,0.571585,1.000000,1.000000,0.000000,0.339135,1.000000,0.338955,0.000000,0.000000,1.000000,1.000000,1.000000,0.000000,0.000000,1.000000,0.493350,0.481557,0.228102,0.664098,0.392363,0.386194,0.085341,0.766027,0.434050,0.612715,0.000000,1.000000,0.910070,1.000000,1.000000,1.000000,0.181618,0.000000,0.590658,0.000000,1.000000,1.000000,1.000000,1.000000,0.521620,0.755032,0.137227,0.000000,0.483474,0.105046,1.000000,0.885309,0.925791,0.000000,0.078195,0.959266,1.000000,0.000000,0.000000,0.000000,0.000000,0.000000,0.000000,0.748521,0.000000,0.000000,0.000000,0.577062,0.000000,0.353611,1.000000,0.076905,0.686678,1.000000,0.000000,0.284815,1.000000,0.000000,0.983713,0.000000,0.979632,1.000000,1.000000,0.000000
2.133333,0.000000,0.249846,1.000000,1.000000,0.042458,0.657569,1.000000,0.197535,0.000000,0.000000,0.829202,0.977993,1.000000,1.000000,0.000000,0.436628,0.000000,0.167444,0.000000,0.584384,0.342331,0.383864,0.334994,0.132357,0.000000,0.380755,1.000000,0.550375,0.625283,0.327247,1.000000,1.000000,0.990850,1.000000,0.982647,0.000000,1.000000,0.519104,1.000000,1.000000,0.477884,1.000000,1.000000,0.000000,0.877585,0.709023,1.000000,0.705873,0.776578,0.510264,0.910682,1.000000,1.000000,1.000000,0.000000,0.000000,0.000000,0.000000,0.710882,1.000000,0.000000,0.000000,0.000000,0.000000,0.000000,0.619507,1.000000,1.000000,0.682536,1.000000,0.000000,0.550364,0.710144,1.000000,0.990314,0.000000,1.000000,1.000000,1.000000,0.000000
2.166667,0.196489,0.000000,0.493690,1.000000,0.362821,0.689916,1.000000,0.038131,0.000000,0.000000,1.000000,1.000000,1.000000,1.000000,0.737708,0.048793,0.000000,0.019271,0.000000,1.000000,0.394631,0.415373,0.390058,0.000000,0.000000,0.664550,1.000000,1.000000,0.084512,0.000000,1.000000,1.000000,0.985711,1.000000,1.000000,0.000000,1.000000,0.000000,1.000000,1.000000,0.328481,0.990792,1.000000,0.648434,0.863093,0.681708,0.000000,0.015399,0.750453,0.615943,0.997755,1.000000,1.000000,1.000000,0.000000,0.000000,0.000000,0.000000,0.219678,1.000000,0.000000,0.000000,0.000000,0.000000,0.000000,0.926754,1.000000,1.000000,0.998063,1.000000,0.263255,0.000000,0.000000,1.000000,0.979729,0.002289,1.000000,0.359288,1.000000,0.000000
2.200000,0.163058,0.000000,0.000000,1.000000,0.444830,0.585145,0.878111,0.005570,0.005569,0.077485,1.000000,1.000000,1.000000,1.000000,0.913537,0.000000,0.000000,0.000000,0.000000,1.000000,0.400943,0.418046,0.546983,0.000000,0.000000,0.715346,1.000000,1.000000,0.068402,1.000000,1.000000,0.924077,0.883527,1.000000,1.000000,0.019269,1.000000,1.000000,1.000000,1.000000,0.095593,1.000000,1.000000,1.000000,0.895800,0.709300,0.000000,0.120962,0.758989,0.223641,0.945464,0.000000,1.000000,1.000000,0.000000,0.048317,0.000000,0.000000,0.000000,1.000000,0.053354,0.000000,0.000000,0.000000,0.000000,1.000000,1.000000,1.000000,1.000000,1.000000,0.930591,0.000000,0.633664,1.000000,0.939073,0.029717,0.000000,0.000000,1.000000,0.000000
2.233333,0.000000,0.000000,0.000000,1.000000,0.388426,0.263569,0.121657,0.094703,0.010544,0.733925,0.000000,1.000000,1.000000,0.000000,0.928804,0.870811,0.000000,0.000000,0.000000,1.000000,0.440352,0.463233,0.556620,0.000000,0.000000,0.548984,1.000000,1.000000,0.000000,1.000000,1.000000,0.963339,0.000000,1.000000,1.000000,0.733987,1.000000,1.000000,1.000000,0.000000,0.529967,1.000000,1.000000,1.000000,0.978359,0.781458,0.000000,0.716300,0.823532,0.142559,0.745333,0.000000,1.000000,1.000000,0.000000,0.157093,0.000000,0.000000,0.000000,0.000000,0.205459,0.000000,0.000000,0.000000,0.000000,1.000000,1.000000,1.000000,1.000000,1.000000,0.930308,0.168659,0.281898,1.000000,0.872487,0.065684,0.002962,0.000000,1.000000,0.000000
2.266667,0.000000,0.090458,0.076098,1.000000,0.720894,0.000000,1.000000,0.372776,0.000000,0.901013,0.000000,1.000000,1.000000,0.000000,0.934299,1.000000,0.000000,0.000000,0.000000,1.000000,0.105364,0.467283,0.000000,0.000000,0.000000,0.825710,0.714837,1.000000,0.000000,1.000000,1.000000,0.991491,0.427605,0.000000,0.951438,0.889424,1.000000,1.000000,1.000000,0.000000,0.950512,1.000000,1.000000,0.000000,1.000000,0.360659,0.000000,0.759614,1.000000,0.000000,0.811625,0.000000,0.879406,0.000000,0.000000,0.000000,0.000000,0.000000,0.000000,0.000000,0.089830,0.006140,0.116450,0.744612,1.000000,0.425716,0.000000,0.614896,1.000000,1.000000,0.938774,0.000000,0.000000,0.000000,0.850315,0.000000,0.003881,0.000000,1.000000,1.000000
2.300000,0.049378,0.493512,0.153538,1.000000,0.919584,0.000000,1.000000,0.451820,0.000000,0.984396,0.000000,1.000000,1.000000,0.000000,0.866374,1.000000,0.438664,0.000000,0.000000,1.000000,0.098451,0.401535,0.000000,0.000000,0.000000,0.766804,0.773488,1.000000,0.000000,1.000000,0.989473,1.000000,0.941464,0.000000,0.421701,0.983451,1.000000,1.000000,1.000000,0.000000,1.000000,1.000000,1.000000,0.000000,1.000000,0.069665,0.000000,0.608957,0.777794,0.000000,1.000000,0.000000,0.942230,0.000000,0.000000,0.000000,0.000000,0.000000,0.000000,0.000000,0.118953,0.113589,0.193436,0.781569,1.000000,0.342558,0.032050,0.544398,1.000000,1.000000,0.979992,0.000000,0.000000,1.000000,0.861341,0.000000,0.000000,0.000000,1.000000,1.000000
2.333333,0.000000,0.000000,1.000000,1.000000,0.000000,0.517553,0.251642,0.000000,0.654131,0.910617,0.000000,0.000000,0.393071,0.000000,0.020680,0.252819,0.000000,0.503457,1.000000,0.909842,0.266369,0.361837,0.202485,0.000000,0.000000,0.994672,1.000000,1.000000,0.000000,1.000000,0.972005,0.715103,1.000000,0.000000,0.849610,0.000000,0.000000,1.000000,1.000000,1.000000,0.870021,1.000000,0.698010,0.000000,0.784072,1.000000,0.000000,0.475225,0.816595,1.000000,1.000000,1.000000,0.000000,0.203092,0.000000,0.000000,0.001490,0.022097,0.028267,0.362115,0.154413,0.192685,0.413255,0.054374,1.000000,0.198280,0.513757,0.392773,1.000000,1.000000,0.791813,0.000000,0.000000,1.000000,0.608471,0.000000,1.000000,1.000000,1.000000,1.000000
2.366667,0.000000,0.461202,1.000000,0.780971,0.000000,0.384852,0.000000,0.000000,0.947151,1.000000,1.000000,1.000000,0.000000,0.000000,0.000000,0.000000,0.831237,0.236426,0.000000,0.000000,0.108895,0.254618,0.306582,0.652297,0.741101,0.000000,0.000000,0.000000,0.000000,1.000000,0.713308,0.082215,0.304701,0.000000,0.000000,1.000000,0.000000,1.000000,1.000000,1.000000,0.000000,0.015090,0.989592,0.902271,0.000000,0.000000,0.776076,0.750191,0.828179,1.000000,0.620497,0.000000,0.000000,0.000000,0.000000,0.000000,0.847853,0.071436,0.281725,0.096521,0.347868,0.270583,0.406713,0.163530,0.319478,0.029314,0.024188,0.236178,0.428397,0.955492,0.000000,0.788625,0.825727,0.000000,0.000000,1.000000,1.000000,1.000000,1.000000,1.000000
2.400000,0.081261,1.000000,1.000000,1.000000,0.688779,0.000000,0.000000,0.000000,1.000000,1.000000,1.000000,1.000000,0.000000,0.000000,0.000000,0.000000,0.423199,0.000000,0.000000,0.000000,0.072110,0.057650,0.224748,0.434791,0.789402,0.000000,0.000000,0.000000,0.000000,1.000000,0.158400,0.385615,0.959294,0.000000,0.000000,1.000000,1.000000,1.000000,1.000000,1.000000,0.650180,1.000000,0.746575,1.000000,0.000000,0.000000,0.000000,0.700928,0.865550,1.000000,0.125086,0.601565,0.000000,0.182462,0.000000,0.000000,0.955353,0.000000,0.273853,0.000000,0.023752,0.335436,0.396919,0.134101,0.572747,0.000000,0.000000,0.000000,0.331557,1.000000,0.708034,1.000000,1.000000,0.000000,0.000000,1.000000,1.000000,1.000000,0.566498,1.000000
2.433333,0.514697,1.000000,1.000000,1.000000,0.962590,0.000000,0.000000,0.000000,0.000000,1.000000,0.628964,1.000000,0.000000,0.000000,0.000000,0.000000,0.000000,0.000000,0.000000,0.000000,0.140130,0.000000,0.110654,0.000000,0.797360,0.288035,0.695811,0.852380,0.000000,1.000000,0.224003,0.000000,0.984381,0.000000,0.902536,0.565015,0.638080,1.000000,1.000000,1.000000,0.632234,1.000000,0.000000,1.000000,0.000000,0.000000,0.000000,0.486023,0.948005,0.516975,0.000000,1.000000,0.000000,0.990529,0.000000,0.000000,0.927660,0.000000,0.000000,0.017065,0.000000,0.136138,0.286976,0.794197,0.913675,0.279260,0.000000,0.000000,0.809762,1.000000,0.904847,0.000000,0.000000,1.000000,0.000000,0.937519,1.000000,0.942674,0.718187,1.000000
2.466667,0.629653,1.000000,1.000000,1.000000,0.921973,0.000000,0.000000,0.000000,0.000000,1.000000,0.000000,0.892568,0.000000,0.000000,0.032735,0.893210,0.000000,0.000000,0.867915,0.062491,0.212321,0.000000,0.162304,0.000000,0.766565,0.778338,0.826404,1.000000,0.000000,1.000000,0.000000,0.000000,1.000000,0.000000,0.928511,0.000000,0.000000,1.000000,1.000000,1.000000,0.644598,1.000000,0.000000,0.689111,0.000000,0.000000,0.000000,0.323847,1.000000,0.000000,0.000000,1.000000,0.000000,1.000000,0.000000,0.000000,0.928356,0.000000,0.000000,0.000000,0.000000,0.000000,0.316078,0.945206,1.000000,0.633233,0.000000,0.000000,1.000000,1.000000,0.933424,0.000000,0.000000,1.000000,0.000000,0.000000,1.000000,0.421837,1.000000,1.000000
2.500000,0.309645,0.334697,0.147538,1.000000,0.967546,0.000000,0.000000,0.000000,0.000000,1.000000,0.292649,0.821755,0.029592,0.039390,0.115156,1.000000,0.000000,0.000000,0.757983,0.000000,0.344063,0.092807,0.150436,0.000000,0.351237,0.745048,0.753929,1.000000,0.000000,1.000000,0.164571,1.000000,1.000000,0.026698,0.918948,0.000000,0.684545,1.000000,1.000000,1.000000,0.699670,1.000000,0.000000,1.000000,0.089177,0.775380,0.000000,0.435734,1.000000,0.667946,0.158828,1.000000,0.000000,1.000000,0.000000,0.000000,0.909515,0.000000,0.000000,0.000000,0.000000,0.000000,0.117264,0.988439,1.000000,0.200033,0.000000,0.000000,1.000000,1.000000,0.991215,0.000000,0.000000,1.000000,0.000000,0.000000,1.000000,0.382516,0.867397,1.000000
2.533333,0.019580,0.000000,0.000000,1.000000,0.095734,0.000000,0.000000,0.000000,0.000000,0.000000,0.632388,0.778059,0.705096,0.714685,0.935353,1.000000,0.000000,0.267295,0.858813,0.513855,0.412593,0.339491,0.148870,0.000000,0.000000,0.823666,0.828455,1.000000,0.000000,1.000000,0.179527,1.000000,1.000000,0.021606,0.984866,0.000000,0.809806,1.000000,1.000000,0.000000,0.694788,1.000000,0.074867,0.993174,0.967791,0.900626,0.000000,0.487246,0.952689,0.988633,1.000000,1.000000,0.000000,1.000000,0.000000,0.000000,0.950550,0.000000,0.000000,0.000000,0.000000,0.000000,0.000000,1.000000,1.000000,0.000000,0.000000,0.000000,1.000000,1.000000,0.998936,0.000000,0.000000,1.000000,0.000000,0.000000,1.000000,0.415164,0.582502,1.000000
2.566667,0.000000,0.000000,0.000000,1.000000,0.000000,0.000000,0.000000,0.000000,0.000000,0.000000,0.898172,0.903298,0.902520,0.921814,0.939424,1.000000,0.000000,0.617368,0.905338,1.000000,0.425866,0.401207,0.151394,0.000000,0.000000,1.000000,1.000000,1.000000,0.000000,1.000000,0.016704,1.000000,1.000000,0.842406,0.990916,0.000000,0.911563,1.000000,1.000000,0.000000,0.684629,1.000000,0.255411,1.000000,0.972201,0.911142,0.000000,0.627732,0.933583,1.000000,1.000000,1.000000,0.054809,0.989126,0.000000,0.000000,0.967499,0.000000,0.000000,0.000000,0.000000,0.000000,0.000000,1.000000,1.000000,0.000000,0.267212,0.000000,1.000000,1.000000,0.984153,0.000000,0.000000,1.000000,0.000000,0.000000,1.000000,0.901798,0.105028,1.000000
2.600000,0.000000,0.000000,0.000000,1.000000,0.000000,0.000000,0.000000,0.032572,0.000000,0.000000,1.000000,1.000000,1.000000,1.000000,0.930463,1.000000,0.000000,0.684270,0.982083,1.000000,0.470454,0.446864,0.191990,0.000000,0.000000,1.000000,1.000000,1.000000,0.000000,0.000000,0.000000,1.000000,1.000000,1.000000,1.000000,0.000000,1.000000,0.000000,1.000000,0.000000,0.748255,1.000000,0.209873,1.000000,1.000000,1.000000,0.000000,0.749458,0.984661,0.878693,1.000000,1.000000,1.000000,1.000000,0.000000,0.000000,1.000000,0.000000,0.000000,0.000000,0.000000,0.000000,0.000000,1.000000,0.984208,0.000000,0.668791,0.000000,1.000000,1.000000,0.882080,0.000000,1.000000,1.000000,0.000000,0.000000,1.000000,1.000000,0.000000,1.000000
2.633333,0.474629,0.518607,1.000000,0.000000,0.320437,0.265153,0.000000,0.481163,0.000000,0.000000,1.000000,1.000000,1.000000,1.000000,0.923711,1.000000,0.000000,0.219962,1.000000,1.000000,0.478691,0.468748,0.036758,0.000000,0.000000,1.000000,1.000000,1.000000,0.169999,0.000000,0.000000,1.000000,1.000000,1.000000,1.000000,0.000000,1.000000,0.000000,1.000000,0.000000,0.000000,0.605933,0.000000,0.000000,0.365832,0.325329,0.000000,1.000000,0.000000,0.956179,1.000000,1.000000,1.000000,1.000000,0.000000,0.146092,0.000000,0.000000,0.000000,0.000000,0.000000,0.000000,0.000000,0.829627,0.607681,0.000000,0.216397,0.000000,0.141108,1.000000,0.426242,1.000000,0.999210,1.000000,0.894003,0.000000,1.000000,1.000000,0.000000,1.000000
2.666667,0.563382,0.697828,1.000000,0.000000,0.395741,0.289489,0.000000,0.532310,0.000000,0.000000,1.000000,1.000000,1.000000,1.000000,0.918937,1.000000,0.000000,0.126236,1.000000,1.000000,0.441969,0.384846,0.031745,0.000000,0.000000,1.000000,1.000000,1.000000,0.279415,0.000000,0.000000,1.000000,1.000000,1.000000,1.000000,0.000000,1.000000,0.000000,1.000000,0.000000,0.000000,0.395552,0.000000,0.000000,0.242557,0.138895,0.000000,1.000000,0.000000,0.993357,1.000000,1.000000,1.000000,1.000000,0.000000,0.376362,0.000000,0.000000,0.000000,0.000000,0.000000,0.000000,0.000000,0.758263,0.506020,0.000000,0.251563,0.000000,0.090759,1.000000,0.326745,0.510958,0.714763,1.000000,0.891075,0.000000,1.000000,1.000000,0.000000,1.000000
2.700000,0.190660,0.000000,0.735565,0.127377,0.000000,0.000000,0.000000,0.239578,0.019460,0.012414,1.000000,1.000000,1.000000,1.000000,0.920154,1.000000,0.000000,0.675109,1.000000,1.000000,0.434481,0.359757,0.244133,0.000000,0.000000,1.000000,1.000000,1.000000,0.000000,0.000000,0.000000,1.000000,1.000000,1.000000,1.000000,0.019963,1.000000,0.036701,1.000000,0.000000,0.346063,0.756811,0.000000,0.193259,0.197306,0.594484,0.000000,0.593689,0.620071,0.936779,1.000000,1.000000,1.000000,1.000000,0.000000,0.000000,0.388321,0.000000,0.000000,0.000000,0.000000,0.000000,0.000000,0.876072,0.298529,0.000000,0.718231,0.000000,0.369360,1.000000,0.000000,0.000000,1.000000,1.000000,0.000000,0.000000,1.000000,1.000000,0.830500,1.000000
2.733333,0.063242,0.030197,1.000000,0.000000,0.098814,0.000368,0.000000,0.064689,0.049617,0.051303,1.000000,1.000000,0.528695,1.000000,0.938912,1.000000,0.000000,0.732247,1.000000,1.000000,0.448970,0.113610,0.386321,0.000000,0.000000,1.000000,1.000000,1.000000,0.021382,1.000000,0.000000,0.229085,1.000000,0.000000,1.000000,0.039828,1.000000,1.000000,1.000000,1.000000,0.375716,0.240000,0.000000,0.998085,0.000000,0.000000,0.742788,0.051873,0.485224,0.496883,0.747417,1.000000,1.000000,1.000000,0.440944,0.000000,1.000000,0.000000,0.015757,0.000000,0.000000,0.000000,0.045229,0.393712,0.000000,0.238968,0.493622,0.000000,0.205885,1.000000,0.000000,0.000000,1.000000,1.000000,0.000000,0.000000,1.000000,1.000000,1.000000,1.000000
2.766667,0.046921,0.867838,1.000000,0.000000,0.190846,0.507903,0.000000,0.609767,0.000000,0.000000,1.000000,1.000000,0.000000,0.000000,0.534061,0.000000,0.865957,0.342214,0.567868,1.000000,0.146552,0.000000,0.621422,0.000000,0.000000,0.000000,0.000000,1.000000,0.769974,1.000000,0.000000,0.000000,0.851078,0.000000,0.000000,0.000000,1.000000,1.000000,1.000000,1.000000,0.000000,0.000000,0.000000,0.000000,0.000000,0.000000,1.000000,0.268035,0.000000,0.000000,1.000000,1.000000,0.989629,0.000000,1.000000,1.000000,1.000000,0.502839,1.000000,1.000000,0.366179,0.070081,1.000000,0.000000,0.000000,0.210278,0.000000,1.000000,0.000000,1.000000,0.000000,1.000000,1.000000,0.000000,0.000000,0.000000,1.000000,1.000000,1.000000,1.000000
2.800000,0.000000,1.000000,1.000000,0.000000,0.044752,0.592331,0.000000,0.432165,0.000000,0.000000,1.000000,1.000000,0.000000,0.000000,0.091393,0.000000,0.852057,0.276559,0.024292,1.000000,0.049734,0.000000,0.552140,0.000000,0.177611,0.000000,0.000000,1.000000,0.749173,1.000000,0.000000,0.000000,0.347720,0.000000,0.000000,1.000000,0.064562,1.000000,1.000000,1.000000,0.000000,0.000000,0.227944,0.398893,0.000000,0.000000,1.000000,0.219197,0.000000,0.000000,1.000000,1.000000,0.000000,0.000000,0.445846,1.000000,0.972312,0.521113,1.000000,0.853818,0.570329,0.130956,0.722186,0.000000,0.000000,0.247208,0.000000,1.000000,0.000000,1.000000,0.000000,0.919708,1.000000,0.000000,0.000000,0.000000,1.000000,1.000000,1.000000,1.000000
2.833333,0.165647,1.000000,1.000000,0.000000,0.519248,0.598566,0.000000,0.297330,0.251338,0.000000,1.000000,0.000000,0.000000,0.000000,0.404576,0.000000,0.803227,0.000000,0.694637,1.000000,0.025957,0.000000,0.422236,0.029175,0.316479,0.000000,0.000000,1.000000,0.929716,1.000000,0.000000,0.000000,0.000000,0.000000,0.120974,0.302589,0.000000,1.000000,1.000000,1.000000,0.000000,0.000000,0.013606,0.000000,0.000000,0.000000,1.000000,0.000000,0.275236,0.000000,0.000000,1.000000,0.000000,0.000000,0.176613,1.000000,0.949511,0.263129,1.000000,0.919727,0.619645,0.000000,0.779600,0.000000,0.000000,0.511828,0.000000,1.000000,0.000000,1.000000,0.000000,0.000000,0.540380,0.000000,0.000000,0.000000,0.179752,1.000000,1.000000,1.000000
2.866667,0.120012,1.000000,1.000000,0.000000,0.531876,0.742888,0.000000,0.286667,0.897130,0.408783,0.000000,0.000000,0.000000,0.000000,0.263275,0.000000,0.819984,0.000000,0.329014,1.000000,0.009978,0.000000,0.362299,0.137666,0.437772,0.000000,0.000000,1.000000,0.944739,1.000000,0.000000,0.000000,0.000000,0.000000,0.000000,0.857085,0.000000,1.000000,1.000000,1.000000,0.000000,0.000000,0.149649,0.000000,0.000000,0.000000,1.000000,0.000000,0.717682,0.000000,0.083147,1.000000,0.000000,0.000000,0.000000,1.000000,0.940487,0.501513,1.000000,1.000000,0.688565,0.000000,0.925872,0.000000,0.000000,0.370261,0.000000,1.000000,0.000000,1.000000,0.000000,0.000000,0.353862,0.000000,0.000000,0.828102,0.000000,1.000000,1.000000,1.000000
2.900000,0.176583,1.000000,1.000000,0.000000,0.411237,0.823315,0.000000,0.672352,0.797136,0.837128,0.000000,0.000000,0.000000,0.000000,0.286192,0.000000,0.793036,0.000000,0.000000,1.000000,0.000000,0.000000,0.348684,0.923952,0.484003,0.000000,0.000000,1.000000,0.993875,1.000000,0.000000,0.000000,0.000000,0.000000,0.000000,0.840675,0.000000,1.000000,1.000000,1.000000,0.012489,0.017184,0.000000,0.000000,0.000000,0.004580,0.994399,0.173550,0.000000,0.000000,0.442777,1.000000,0.000000,0.000000,0.243868,1.000000,0.927285,1.000000,1.000000,1.000000,0.809534,0.000000,1.000000,0.000000,0.000000,0.195509,0.000000,1.000000,0.000000,1.000000,0.000000,0.000000,0.000000,0.000000,0.000000,0.437118,0.363437,1.000000,1.000000,1.000000
2.933333,0.125506,1.000000,1.000000,0.000000,0.168877,0.733638,0.000000,0.907666,0.000000,0.469680,1.000000,0.000000,0.000000,0.000000,0.000000,0.000000,0.797494,0.000000,0.000000,1.000000,0.007824,0.000000,0.347534,1.000000,0.588271,0.000000,0.000000,1.000000,0.947775,1.000000,0.000000,0.000000,0.504828,0.000000,0.000000,0.710640,0.000000,1.000000,1.000000,0.000000,0.000000,0.000000,0.000000,0.000000,0.000000,0.000000,1.000000,0.766087,0.000000,0.000000,1.000000,1.000000,0.000000,0.000000,0.084541,1.000000,0.971205,0.625805,1.000000,1.000000,0.391652,0.608226,1.000000,0.000000,0.000000,0.000000,0.000000,1.000000,0.000000,1.000000,0.000000,0.000000,0.635532,0.000000,0.000000,0.000000,1.000000,1.000000,1.000000,1.000000
2.966667,0.814788,1.000000,1.000000,0.000000,0.000000,0.796020,0.000000,0.653475,1.000000,1.000000,0.000000,0.000000,0.000000,0.000000,0.000000,0.000000,0.799007,0.000000,0.000000,0.922605,0.000000,0.000000,0.000000,0.000000,0.856495,0.000000,0.000000,0.882125,0.986535,1.000000,0.000000,0.000000,0.000000,0.000000,0.000000,1.000000,0.000000,0.000000,0.460865,0.000000,0.000000,0.000000,0.000000,0.000000,0.000000,0.000000,0.061087,0.984169,0.000000,0.000000,0.340566,0.000000,0.000000,0.000000,0.787821,1.000000,0.800335,1.000000,1.000000,1.000000,0.525811,0.821141,1.000000,0.000000,0.000000,0.000000,0.000000,1.000000,0.000000,1.000000,0.000000,0.000000,0.000000,0.000000,1.000000,1.000000,0.000000,1.000000,1.000000,0.126077
3.000000,0.879849,1.000000,1.000000,0.000000,0.000000,0.931496,0.000000,0.373699,1.000000,1.000000,0.000000,0.000000,0.000000,0.000000,0.000000,0.000000,0.000000,0.000000,0.000000,1.000000,0.000000,0.000000,0.000000,0.000000,0.888278,0.000000,0.000000,1.000000,1.000000,1.000000,0.000000,0.000000,0.000000,0.000000,0.864191,1.000000,0.000000,0.000000,0.000000,0.000000,0.000000,0.000000,0.000000,0.000000,0.000000,0.021110,0.000000,0.991450,0.000000,0.000000,0.000000,0.000000,0.000000,0.004807,0.963924,1.000000,0.000000,1.000000,1.000000,1.000000,0.662234,1.000000,1.000000,0.000000,0.000000,0.000000,0.000000,1.000000,0.000000,1.000000,0.000000,0.000000,0.000000,0.000000,1.000000,0.000000,0.000000,1.000000,1.000000,0.000000
3.033333,0.710922,1.000000,1.000000,0.000000,0.000000,0.911751,0.000000,0.305149,1.000000,1.000000,0.000000,0.000000,0.023234,0.035658,0.000000,0.000000,0.000000,0.000000,0.000000,1.000000,0.000000,0.000000,0.000000,0.000000,0.907582,0.000000,0.000000,1.000000,1.000000,1.000000,0.000000,0.000000,0.000000,0.003346,0.990545,1.000000,0.000000,0.000000,0.000000,0.000000,0.000000,0.000000,0.000000,0.000000,0.000000,0.000000,0.000000,0.984169,0.000000,0.000000,0.000000,0.000000,0.016478,0.027811,0.935713,1.000000,0.000000,1.000000,1.000000,1.000000,0.653411,1.000000,1.000000,0.000000,0.000000,0.000000,0.118148,1.000000,0.000000,1.000000,0.000000,0.000000,0.000000,0.011319,1.000000,0.000000,0.000000,1.000000,1.000000,0.000000
3.066667,0.735928,1.000000,1.000000,0.000000,0.000000,0.946555,0.000000,0.135773,0.000000,1.000000,0.005785,0.012222,0.130138,0.105877,0.000000,0.000000,0.000000,0.000000,0.000000,1.000000,0.000000,0.000000,0.000000,0.000000,1.000000,0.756022,0.189468,1.000000,1.000000,1.000000,0.046849,0.000000,0.000000,0.039489,1.000000,1.000000,0.007875,0.000000,0.000000,0.000000,0.000000,0.000000,0.000000,0.000000,0.000000,0.000000,0.000000,1.000000,0.000000,0.000000,0.019002,0.185982,0.551083,0.074033,0.661856,1.000000,0.000000,1.000000,1.000000,1.000000,0.668653,1.000000,1.000000,0.000000,0.000000,0.000000,0.839671,1.000000,0.000000,1.000000,0.000000,0.000000,0.000000,0.015716,1.000000,0.000000,0.428849,1.000000,1.000000,0.000000
3.100000,0.842609,1.000000,1.000000,0.000000,0.000000,1.000000,0.000000,0.000000,0.003850,0.714263,0.110201,0.000000,0.000000,0.000000,0.000000,0.000000,0.000000,0.013660,0.000000,0.570122,0.000000,0.046451,0.000000,0.000000,1.000000,1.000000,1.000000,0.779963,1.000000,1.000000,0.289855,0.000000,0.000000,0.000000,0.937961,0.722128,0.000000,0.000000,0.000000,0.000000,0.000000,0.000000,0.490379,0.000000,0.205164,0.000000,1.000000,1.000000,0.000000,0.978026,0.144753,0.000000,0.000000,0.105570,0.253259,1.000000,1.000000,1.000000,1.000000,1.000000,0.606873,1.000000,1.000000,0.000000,0.000000,0.000000,0.608644,1.000000,0.000000,0.000000,0.000000,1.000000,1.000000,0.000000,1.000000,0.000000,0.000000,1.000000,1.000000,0.000000
3.133333,0.902059,1.000000,0.994528,0.000000,0.000000,1.000000,0.000000,0.567027,0.000000,1.000000,0.909950,0.000000,0.032363,0.055650,0.000000,0.000000,0.692494,0.019466,0.016787,0.605890,0.000000,0.141604,0.000000,0.000000,1.000000,0.189702,0.000000,0.588294,1.000000,1.000000,0.000000,0.000000,0.000000,0.042528,0.000000,1.000000,0.000000,0.000000,0.026218,0.000000,0.000000,0.000000,0.000000,0.050084,0.000000,0.000000,1.000000,1.000000,0.000000,0.459277,0.734408,0.015383,0.000000,0.000000,0.000000,1.000000,1.000000,0.878259,1.000000,1.000000,0.483661,1.000000,1.000000,0.000000,0.000000,0.000000,0.000000,1.000000,0.000000,0.000000,0.000000,1.000000,1.000000,0.000000,0.437990,0.156421,0.721720,1.000000,1.000000,0.000000
3.166667,1.000000,1.000000,0.901564,0.000000,0.694304,1.000000,0.000000,0.859810,0.012428,0.000000,1.000000,0.000000,0.000000,0.000000,0.000000,0.000000,0.798278,0.002877,0.030574,0.342050,0.135170,0.174360,0.083377,0.931578,1.000000,0.663092,0.005110,0.472221,1.000000,0.000000,0.000000,0.000000,0.321967,0.000000,0.000000,0.740152,1.000000,0.000000,1.000000,0.000000,0.000000,0.000000,0.000000,0.000000,0.000000,0.000000,1.000000,0.998800,0.000000,0.000000,0.832783,0.904810,0.920280,0.000000,0.000000,1.000000,0.000000,0.713843,1.000000,1.000000,0.271666,0.682291,1.000000,0.000000,0.000000,0.000000,0.000000,1.000000,0.000000,1.000000,0.000000,0.489377,0.000000,0.000000,0.751790,0.000000,0.752770,1.000000,1.000000,0.000000
3.200000,1.000000,1.000000,0.997396,0.850502,0.415012,0.000000,0.000000,0.000000,0.000000,0.000000,0.000000,0.000000,0.000000,0.000000,0.839258,0.862278,0.912117,0.478785,0.551181,0.533441,0.452208,0.124164,0.122378,0.984721,0.000000,0.007853,0.154908,0.570896,0.490366,1.000000,0.000000,0.000000,0.840596,0.000000,0.254023,0.000000,0.035362,1.000000,1.000000,0.000000,0.000000,0.000000,0.000000,0.000000,0.000000,0.000000,0.000000,0.000000,0.000000,0.000000,0.000000,0.945351,0.935938,0.000000,0.945942,1.000000,0.000000,0.678110,1.000000,1.000000,0.373710,0.000000,0.709849,0.000000,0.000000,0.560669,0.747413,1.000000,0.000000,1.000000,0.000000,0.000000,0.000000,0.000000,0.798674,0.000000,0.241414,1.000000,1.000000,1.000000
3.233333,0.000000,1.000000,1.000000,1.000000,0.000000,0.000000,1.000000,0.000000,0.036800,0.026392,0.000000,1.000000,0.000000,0.000000,1.000000,1.000000,1.000000,0.824980,0.916655,0.776071,0.530800,0.548767,0.064189,0.000000,0.000000,0.000000,1.000000,0.966059,0.000000,1.000000,0.000000,1.000000,1.000000,0.000000,0.022371,0.025473,1.000000,1.000000,1.000000,0.000000,0.000000,0.000000,0.000000,0.000000,0.170558,0.000000,0.000000,0.000000,0.589717,0.000000,0.000000,0.977524,1.000000,0.828066,0.410733,0.000000,0.000000,0.000000,0.000000,1.000000,0.259897,0.000000,0.498272,0.000000,0.000000,0.635019,1.000000,1.000000,0.602309,1.000000,0.000000,0.000000,0.000000,0.272436,0.775576,0.000000,0.000000,1.000000,1.000000,1.000000
3.266667,0.841542,1.000000,1.000000,0.000000,1.000000,1.000000,0.000000,0.000000,0.054403,0.066490,0.000000,1.000000,0.000000,0.000000,0.000000,0.000000,0.000000,0.000000,0.000000,0.000000,0.648832,0.748667,0.000000,0.000000,0.638685,1.000000,1.000000,0.000000,0.597816,0.000000,0.000000,1.000000,0.000000,0.000000,0.962725,0.068565,1.000000,0.000000,1.000000,0.000000,0.000000,0.000000,1.000000,0.000000,1.000000,0.000000,0.000000,1.000000,0.000000,0.801805,0.852208,0.954810,1.000000,1.000000,0.000000,1.000000,0.000000,0.564926,0.000000,0.860472,0.000000,0.000000,0.000000,1.000000,0.784196,0.000000,0.000000,1.000000,0.000000,1.000000,0.000000,1.000000,0.571139,1.000000,0.812808,0.000000,1.000000,1.000000,1.000000,0.000000
3.300000,0.652051,1.000000,1.000000,0.000000,0.982813,1.000000,0.000000,0.000000,0.000000,0.000000,0.359722,1.000000,0.000000,0.000000,0.000000,0.000000,0.000000,0.000000,0.000000,0.000000,0.844888,0.723453,0.000000,0.000000,0.349704,0.717120,0.724333,0.000000,0.721596,0.000000,0.000000,1.000000,0.000000,0.000000,1.000000,0.000000,1.000000,0.000000,1.000000,0.000000,0.000000,0.000000,1.000000,0.000000,0.974360,0.000000,0.446186,1.000000,0.000000,0.787074,1.000000,1.000000,1.000000,1.000000,0.000000,1.000000,0.000000,0.569125,0.000000,0.000000,0.000000,0.000000,0.000000,1.000000,0.830156,0.000000,0.000000,1.000000,0.000000,1.000000,0.000000,1.000000,1.000000,1.000000,0.886150,0.000000,1.000000,1.000000,1.000000,0.000000
3.333333,0.000000,1.000000,1.000000,0.949838,0.000000,1.000000,1.000000,0.000000,0.000000,0.000000,0.827525,1.000000,1.000000,0.580972,0.000000,0.815820,0.000000,0.888379,0.455324,0.270073,0.762758,0.613633,0.000000,0.000000,0.000000,1.000000,1.000000,0.000000,0.000000,0.000000,0.604523,1.000000,1.000000,0.000000,1.000000,0.000000,1.000000,0.000000,1.000000,0.000000,0.224059,1.000000,1.000000,0.000000,0.905785,0.707246,1.000000,1.000000,0.365471,0.740915,1.000000,1.000000,1.000000,1.000000,0.000000,0.000000,0.000000,0.000000,0.000000,1.000000,0.000000,0.000000,0.000000,0.275548,0.834128,0.006464,0.283890,1.000000,0.460408,1.000000,0.000000,1.000000,1.000000,1.000000,0.959976,0.000000,1.000000,1.000000,0.585935,0.004444
3.366667,0.000000,0.000000,1.000000,1.000000,0.000000,0.000000,1.000000,0.000000,0.000000,0.000000,1.000000,1.000000,0.978676,0.000000,0.580372,1.000000,1.000000,0.760573,0.774083,0.214927,0.494484,0.493982,0.000000,0.000000,0.000000,0.997813,1.000000,0.000000,0.000000,0.000000,0.869447,1.000000,1.000000,0.000000,0.000000,0.000000,1.000000,0.000000,1.000000,0.000000,0.378687,0.938514,0.638014,0.000000,0.863936,0.671978,0.000000,0.987247,0.706646,0.716479,1.000000,1.000000,1.000000,1.000000,0.000000,0.000000,0.000000,0.000000,0.000000,1.000000,0.000000,0.000000,0.000000,0.057229,0.822973,0.000000,0.000000,1.000000,0.950220,1.000000,0.000000,1.000000,0.000000,1.000000,1.000000,0.000004,1.000000,1.000000,0.000000,1.000000
3.400000,0.000000,0.000000,0.550624,1.000000,0.000000,0.000000,1.000000,0.000000,0.000000,0.000000,1.000000,1.000000,0.000000,0.000000,0.000000,1.000000,1.000000,0.721784,0.947448,0.000000,0.462767,0.512933,0.000000,0.000000,0.000000,0.604714,0.874555,0.000000,0.000000,0.000000,0.965156,1.000000,1.000000,0.000000,0.000000,0.000000,1.000000,0.000000,1.000000,0.000000,0.745307,0.985470,0.508743,0.000000,0.880632,0.697430,0.000000,0.803011,0.836158,0.827265,1.000000,1.000000,0.000000,1.000000,0.000000,0.000000,0.813353,0.000000,0.000000,0.631929,0.000000,0.000000,0.000000,0.425293,0.805064,0.000000,0.000000,0.000000,1.000000,1.000000,0.000000,1.000000,0.000000,1.000000,0.000000,0.000000,1.000000,1.000000,0.364381,1.000000
3.433333,0.000000,0.000000,1.000000,1.000000,0.000000,0.000000,1.000000,0.000000,0.000000,0.000000,1.000000,1.000000,0.278295,0.000000,0.000000,1.000000,0.000000,0.906686,1.000000,0.000000,0.550017,0.654503,0.133495,0.000000,0.000000,0.347164,0.817721,0.000000,0.000000,0.000000,0.960933,1.000000,1.000000,0.000000,0.000000,0.000000,1.000000,0.000000,1.000000,1.000000,0.790368,1.000000,1.000000,0.000000,0.922461,0.725735,0.252437,0.626950,0.956404,0.930418,1.000000,1.000000,0.000000,1.000000,0.000000,0.000000,0.806912,0.000000,0.000000,1.000000,0.000000,0.000000,0.000000,0.641909,0.819761,0.000000,0.199426,1.000000,1.000000,1.000000,0.000000,1.000000,0.000000,1.000000,0.000000,0.000000,1.000000,1.000000,1.000000,1.000000
3.466667,0.000000,0.000000,1.000000,1.000000,0.000000,0.542754,1.000000,0.000000,0.000000,0.000000,1.000000,1.000000,1.000000,0.000000,0.000000,1.000000,0.000000,0.941253,1.000000,1.000000,0.570456,0.740521,0.562848,0.000000,0.000000,0.040949,1.000000,1.000000,0.170856,1.000000,0.988686,1.000000,1.000000,0.000000,0.000000,0.000000,1.000000,1.000000,1.000000,1.000000,0.783778,1.000000,1.000000,0.000000,0.934118,0.735354,1.000000,0.739845,1.000000,1.000000,1.000000,1.000000,0.000000,0.000000,0.000000,0.000000,0.000000,0.000000,0.000000,1.000000,0.000000,0.000000,0.000000,0.893996,0.055971,0.000000,1.000000,1.000000,1.000000,1.000000,0.000000,0.000000,0.230131,0.000000,0.946958,0.000000,1.000000,1.000000,1.000000,1.000000
3.500000,0.000000,0.000000,1.000000,1.000000,0.000000,0.649923,0.000000,0.000000,0.000000,0.000000,1.000000,1.000000,1.000000,0.000000,0.053257,1.000000,0.000000,0.917532,1.000000,1.000000,0.571771,0.785024,1.000000,0.000000,0.000000,0.000000,1.000000,1.000000,0.716680,1.000000,0.998793,0.000000,0.000000,0.000000,0.114457,0.000000,1.000000,1.000000,1.000000,1.000000,0.640881,0.786804,1.000000,0.000000,0.945209,0.661566,1.000000,0.751468,1.000000,0.583457,0.134985,1.000000,0.000000,0.000000,0.000000,0.000000,0.000000,0.000000,0.389464,1.000000,0.000000,0.000000,0.053392,0.585347,0.000000,0.229884,1.000000,1.000000,0.783958,1.000000,0.000000,0.000000,0.991605,0.000000,0.942575,0.000000,0.000000,1.000000,1.000000,1.000000
3.533333,0.000000,0.000000,0.922635,0.974025,0.000000,0.620473,0.000000,0.000000,0.000000,0.000000,1.000000,1.000000,1.000000,0.000000,0.000000,1.000000,0.000000,0.983986,1.000000,1.000000,0.602869,0.659092,1.000000,0.000000,0.038628,0.000000,0.639346,1.000000,0.866219,1.000000,1.000000,0.000000,0.000000,0.000000,0.326392,0.000000,1.000000,1.000000,1.000000,1.000000,0.620776,0.266571,1.000000,0.000000,0.986628,0.492635,1.000000,0.818878,1.000000,0.095793,0.001661,1.000000,0.000000,0.000000,0.000000,0.000000,0.000000,0.000000,0.814556,1.000000,0.000000,0.000000,0.042315,0.000000,0.000000,0.259096,1.000000,1.000000,0.743917,1.000000,0.000000,0.000000,0.986948,0.000000,0.915201,0.000000,0.000000,1.000000,1.000000,0.415164
3.566667,0.000000,0.000000,0.848168,0.889778,0.000000,0.609801,0.114559,0.000000,0.000000,0.000000,1.000000,1.000000,1.000000,0.000000,0.507849,1.000000,0.000000,1.000000,1.000000,1.000000,0.646703,0.887983,1.000000,0.205012,0.000000,0.000000,0.610251,1.000000,0.855750,1.000000,1.000000,0.000000,0.000000,0.000000,0.445140,0.000000,1.000000,1.000000,1.000000,1.000000,0.829062,0.904950,1.000000,0.000000,1.000000,0.599617,1.000000,0.781643,1.000000,0.000000,0.115612,1.000000,0.000000,0.000000,0.000000,0.000000,0.000000,0.000000,0.563584,1.000000,0.000000,0.000000,0.014519,0.000000,0.000000,0.371782,1.000000,1.000000,0.880870,1.000000,0.000000,0.000000,0.972026,0.000000,0.897883,0.000000,0.710189,1.000000,1.000000,0.485111
3.600000,0.000000,0.000000,0.883652,0.922283,0.000000,0.625969,1.000000,0.000000,0.000000,0.000000,1.000000,1.000000,1.000000,0.000000,0.761632,1.000000,1.000000,0.813113,0.860161,1.000000,0.469638,0.664507,1.000000,0.595914,0.000000,0.000000,0.882410,1.000000,0.507405,1.000000,1.000000,1.000000,0.338818,0.000000,0.326655,0.000000,1.000000,1.000000,1.000000,1.000000,0.705250,1.000000,0.765746,0.000000,1.000000,0.749722,1.000000,0.664426,0.963646,0.303174,0.018644,1.000000,0.000000,0.000000,0.000000,0.000000,0.000000,0.000000,0.067394,1.000000,0.000000,0.000000,0.093687,0.000000,0.024701,0.333691,0.990931,0.678957,1.000000,1.000000,0.000000,0.000000,0.161718,0.000000,0.967401,0.000000,1.000000,1.000000,1.000000,1.000000
3.633333,0.103667,0.313038,1.000000,1.000000,0.188744,0.645627,1.000000,0.000000,0.000000,0.723437,0.000000,1.000000,0.000000,0.000000,0.000000,1.000000,1.000000,1.000000,0.000000,0.000000,0.290491,0.869477,0.361786,0.705051,0.118442,0.109342,1.000000,1.000000,0.032270,1.000000,0.952215,1.000000,0.652540,0.000000,0.297005,0.000000,0.000000,1.000000,1.000000,1.000000,0.643103,0.916039,0.374490,0.000000,0.519651,0.740384,0.000000,0.445216,0.971794,1.000000,0.000000,1.000000,0.000000,0.000000,0.000000,0.000000,0.000000,0.000000,0.000000,0.757469,0.010077,0.000000,0.399291,0.000000,0.592565,0.057693,0.000000,1.000000,0.975662,1.000000,0.000000,0.000000,0.000000,0.000000,0.511489,0.211744,1.000000,1.000000,1.000000,1.000000
3.666667,0.000000,0.000000,1.000000,1.000000,0.000000,0.800546,1.000000,0.000000,0.000000,0.000000,0.083580,0.792666,0.000000,0.000000,0.436471,1.000000,0.984536,0.713370,0.975721,0.000000,0.375964,0.536766,0.615908,0.053251,0.000000,0.677021,1.000000,1.000000,0.000000,1.000000,0.943249,1.000000,1.000000,0.000000,0.225465,0.000000,0.089481,1.000000,1.000000,0.000000,0.720774,1.000000,0.319144,0.000000,1.000000,0.810703,0.000000,0.427939,1.000000,1.000000,0.389119,1.000000,0.000000,0.000000,0.000000,0.000000,0.000000,0.000000,0.000000,1.000000,0.000000,0.000000,0.340423,0.000000,1.000000,0.070272,0.271036,0.668466,1.000000,1.000000,0.000000,0.000000,0.000000,0.000000,0.906699,0.000000,1.000000,1.000000,1.000000,1.000000
3.700000,0.000000,0.000000,1.000000,1.000000,0.000000,0.831629,1.000000,0.000000,0.000000,0.000000,0.710059,0.715955,0.833858,0.650183,0.918965,1.000000,0.917545,0.628281,1.000000,1.000000,0.366347,0.422115,0.639821,0.000000,0.000000,0.744262,1.000000,1.000000,0.000000,0.000000,0.951714,1.000000,1.000000,0.000000,0.000000,0.000000,0.713742,1.000000,1.000000,0.000000,0.708627,1.000000,0.951181,0.000000,0.974562,0.818389,0.270232,0.501910,0.911663,0.910023,1.000000,1.000000,0.000000,0.000000,0.000000,0.000000,0.000000,0.000000,0.000000,0.911879,0.000000,0.000000,0.128851,0.000000,0.877931,0.125232,1.000000,0.214266,1.000000,1.000000,0.000000,0.000000,0.000000,0.000000,1.000000,0.000000,1.000000,1.000000,1.000000,1.000000
3.733333,0.000000,0.000000,1.000000,1.000000,0.000000,0.825367,1.000000,0.000000,0.000000,0.000000,0.000000,0.255127,0.775792,0.000000,0.929561,1.000000,0.863716,0.595352,1.000000,1.000000,0.356433,0.378338,0.247576,0.000000,0.000000,0.973169,1.000000,1.000000,0.000000,0.228619,0.962649,1.000000,1.000000,0.000000,0.650873,0.000000,0.000000,1.000000,1.000000,0.000000,0.713171,1.000000,0.672388,0.000000,0.923253,0.834418,0.000000,0.288577,0.761327,0.754524,1.000000,1.000000,0.000000,0.000000,0.000000,0.000000,0.000000,0.000000,0.000000,0.646797,0.000000,0.000000,0.361447,0.000000,1.000000,0.000000,1.000000,0.381621,1.000000,1.000000,0.000000,0.000000,0.000000,1.000000,1.000000,0.000000,1.000000,1.000000,1.000000,1.000000
3.766667,0.000000,0.000000,1.000000,0.766433,0.000000,0.851733,0.000000,0.000000,1.000000,1.000000,0.000000,0.546959,0.000000,0.000000,0.000000,0.000000,0.000000,0.562265,0.258328,0.000000,0.315621,0.351115,0.251630,0.000000,0.442831,0.000000,1.000000,0.528509,0.000000,1.000000,0.968869,0.000000,0.000000,0.000000,0.521691,0.000000,0.000000,1.000000,1.000000,1.000000,0.354492,1.000000,1.000000,0.092274,0.393274,0.940306,0.542607,0.602369,1.000000,1.000000,0.000000,0.197296,0.000000,0.000000,0.000000,0.000000,0.837322,0.009046,0.030531,0.303195,0.247029,0.238061,0.378103,0.340116,0.637639,0.000000,0.000000,0.361895,1.000000,1.000000,0.000000,0.000000,0.639706,0.000000,0.000000,1.000000,1.000000,1.000000,1.000000,1.000000
3.800000,0.000000,1.000000,1.000000,1.000000,0.242020,0.538217,0.000000,0.000000,1.000000,1.000000,0.858210,0.293169,0.023036,0.029859,0.000000,0.000000,0.789959,0.000000,0.000000,0.000000,0.000000,0.021921,0.317220,0.864297,0.774133,0.000000,0.000000,0.000000,0.000000,1.000000,0.000000,0.000000,0.054030,0.011920,0.000000,1.000000,0.000000,1.000000,1.000000,1.000000,0.000000,0.000000,0.781665,1.000000,0.000000,0.000000,0.955955,0.763258,1.000000,1.000000,0.463517,0.000000,0.000000,0.000000,0.000000,0.000000,1.000000,0.135964,0.618017,0.000000,0.435397,0.234360,0.392059,0.000000,0.077049,0.000000,0.000000,0.244553,0.000000,0.289999,0.000000,1.000000,1.000000,0.000000,0.000000,1.000000,1.000000,1.000000,1.000000,1.000000
3.833333,0.590108,1.000000,1.000000,1.000000,0.947697,0.476255,0.000000,0.000000,1.000000,1.000000,0.000000,0.018220,0.091430,0.107334,0.000000,0.000000,0.000000,0.000000,0.121749,1.000000,0.000000,0.000000,0.407336,0.114700,0.781395,0.000000,0.487082,1.000000,0.653109,1.000000,0.000000,0.000000,0.000000,0.093638,0.715066,1.000000,0.000000,1.000000,1.000000,1.000000,0.460589,0.000000,0.000000,0.276780,0.000000,0.000000,0.000000,0.000000,1.000000,0.000000,0.000000,0.076262,0.000000,0.000000,0.000000,0.000000,1.000000,0.001406,0.653427,0.151269,0.880659,0.000000,0.428711,0.000000,0.000000,0.491430,0.000000,0.582262,0.039484,1.000000,0.000000,0.000000,0.000000,0.000000,0.000000,1.000000,0.000000,1.000000,1.000000,1.000000
3.866667,0.797206,1.000000,1.000000,0.627328,0.834322,0.097958,0.000000,0.000000,0.000000,0.000000,0.000000,0.008105,0.000000,0.148462,0.937068,0.000000,0.000000,0.000000,1.000000,1.000000,0.250635,0.000000,0.371389,0.000000,0.000000,0.616039,1.000000,1.000000,0.992835,1.000000,0.000000,0.000000,0.000000,0.010446,0.889345,0.000000,0.000000,1.000000,1.000000,1.000000,0.613782,0.057233,0.000000,0.000000,0.000000,0.000000,0.000000,0.000000,1.000000,0.254117,0.000000,0.667385,0.000000,0.000000,0.761397,1.000000,0.000000,0.000000,1.000000,0.038329,0.285103,0.000000,1.000000,0.057883,0.000000,0.953942,0.473677,1.000000,0.171205,1.000000,0.000000,0.000000,0.000000,0.172705,0.521136,0.000000,0.000000,1.000000,1.000000,1.000000
3.900000,0.274175,1.000000,1.000000,0.439654,0.874557,0.000000,0.000000,0.000000,0.000000,0.000000,0.024978,0.152632,0.054328,0.076968,0.674096,0.000000,0.000000,0.013555,0.925719,1.000000,0.196203,0.000000,0.352105,0.000000,0.271008,0.131833,0.966465,1.000000,0.710575,1.000000,0.000000,0.000000,0.000000,0.068500,0.867970,0.000000,0.000000,1.000000,1.000000,1.000000,0.665754,0.227956,0.096173,0.484669,0.000000,0.011011,0.000000,0.000000,0.707066,0.039687,0.000000,1.000000,0.000000,0.000000,0.000000,0.000000,0.914257,0.000000,1.000000,0.000000,0.000000,0.000000,1.000000,0.041867,0.000000,1.000000,0.000000,1.000000,0.196520,1.000000,0.000000,0.000000,0.000000,1.000000,0.000000,0.059603,0.000000,1.000000,1.000000,1.000000
3.933333,0.000000,0.243136,1.000000,0.000000,0.000000,0.513949,0.000000,0.000000,0.828488,1.000000,1.000000,1.000000,0.000000,0.000000,0.000000,0.000000,0.828146,0.404265,0.000000,0.566889,0.086638,0.171084,0.447778,0.189168,0.438713,0.000000,0.000000,1.000000,0.113642,1.000000,0.000000,0.000000,0.660807,0.000000,0.000000,1.000000,0.109332,1.000000,1.000000,1.000000,0.000000,0.000000,0.875065,0.886110,0.000000,0.000000,0.947203,0.643962,0.000000,0.967580,0.933990,0.000000,0.000000,0.000000,0.000000,0.000000,0.960794,0.000000,0.900929,0.599082,0.407820,0.139209,0.651765,0.000000,0.000000,0.000000,0.000000,1.000000,0.000000,0.000000,0.000000,0.938863,0.925010,0.000000,0.000000,1.000000,1.000000,1.000000,1.000000,1.000000
3.966667,0.000000,0.289309,1.000000,1.000000,0.000000,0.703120,0.000000,0.086456,0.977279,0.846358,1.000000,0.000000,0.000000,0.000000,0.000000,0.000000,0.798514,0.190856,0.000000,0.397538,0.000000,0.107518,0.376651,0.963002,0.261837,0.000000,0.000000,1.000000,0.402246,1.000000,0.019324,0.000000,0.958264,0.000000,0.000000,0.843678,0.000000,1.000000,1.000000,1.000000,0.000000,0.000000,0.230433,0.514333,0.000000,0.000000,1.000000,0.662485,1.000000,1.000000,0.521996,0.000000,0.000000,0.000000,0.000000,0.300248,1.000000,0.115503,0.850339,1.000000,0.360434,0.123716,0.450891,0.000000,0.086716,0.000000,0.000000,1.000000,0.000000,1.000000,0.000000,1.000000,1.000000,0.000000,0.000000,1.000000,0.719626,1.000000,1.000000,1.000000
4.000000,0.160734,0.768724,1.000000,1.000000,0.174602,0.692147,0.000000,0.309214,1.000000,1.000000,0.000000,0.000000,0.000000,0.000000,0.000000,0.000000,0.798215,0.000000,0.000000,1.000000,0.000000,0.000000,0.211325,0.974532,0.317160,0.000000,0.000000,1.000000,0.804600,1.000000,0.000000,0.000000,0.447631,0.000000,0.000000,1.000000,0.000000,1.000000,1.000000,1.000000,0.000000,0.000000,0.000000,0.000000,0.000000,0.000000,0.000000,0.402053,1.000000,1.000000,0.520551,0.000000,0.000000,0.000000,0.000000,0.977512,0.744706,0.388638,0.856692,1.000000,0.394947,0.022496,0.419313,0.000000,0.000000,0.000000,0.000000,1.000000,0.000000,1.000000,0.000000,0.000000,0.000000,0.000000,0.000000,1.000000,0.000000,1.000000,1.000000,1.000000
4.033333,0.002941,0.384093,1.000000,1.000000,0.000000,0.784461,0.000000,0.019144,1.000000,1.000000,0.000000,0.000000,0.000000,0.000000,0.000000,0.000000,0.807068,0.059813,0.000000,1.000000,0.000000,0.000000,0.238574,0.995534,0.312725,0.000000,0.000000,1.000000,0.510448,1.000000,0.000000,0.000000,0.000000,0.000000,0.000000,1.000000,0.000000,1.000000,1.000000,1.000000,0.000000,0.000000,0.078596,0.415538,0.000000,0.000000,0.548010,0.407780,1.000000,1.000000,0.435577,0.000000,0.013558,0.023219,0.000000,0.995693,1.000000,0.384816,0.851869,1.000000,0.416044,0.000000,0.429594,0.000000,0.000000,0.000000,0.000000,1.000000,0.000000,1.000000,0.000000,0.000000,0.597264,0.004807,0.000000,1.000000,0.000000,1.000000,1.000000,1.000000
4.066667,0.000000,0.292007,1.000000,0.965390,0.000000,0.682908,0.000000,0.080293,0.975528,0.861967,0.331698,0.000000,0.000000,0.000000,0.000000,0.000000,0.798411,0.000000,0.000000,1.000000,0.000000,0.000000,0.383804,0.934464,0.347831,0.000000,0.000000,1.000000,0.577788,1.000000,0.000000,0.000000,0.000000,0.000000,0.000000,0.888955,0.000000,1.000000,1.000000,1.000000,0.000000,0.000000,0.374533,0.931447,0.000000,0.000000,1.000000,0.695679,1.000000,1.000000,0.564743,0.000000,0.000000,0.009653,0.000000,1.000000,1.000000,0.411007,1.000000,1.000000,0.452654,0.000000,0.528738,0.000000,0.000000,0.000000,0.000000,1.000000,0.000000,0.774391,0.000000,1.000000,1.000000,0.008990,0.000000,1.000000,0.000000,1.000000,1.000000,1.000000
4.100000,0.053687,0.515367,1.000000,1.000000,0.000000,0.647510,0.000000,0.256404,1.000000,1.000000,0.893660,0.000000,0.000000,0.018038,0.000000,0.000000,0.809572,0.014929,0.000000,0.943148,0.000000,0.000000,0.388201,0.926066,0.255824,0.002074,0.010455,1.000000,0.599331,1.000000,0.005724,0.000000,0.951187,0.000534,0.000000,1.000000,0.000000,1.000000,1.000000,1.000000,0.000000,0.000000,0.000000,0.000000,0.000000,0.000000,1.000000,0.678740,1.000000,1.000000,0.509259,0.007079,0.017305,0.051742,0.000000,0.233954,0.929240,0.083304,1.000000,1.000000,0.439367,0.082786,0.645089,0.000000,0.088632,0.000000,0.000000,1.000000,0.000000,1.000000,0.000000,0.916808,1.000000,0.046015,0.000000,1.000000,0.330973,1.000000,1.000000,1.000000
4.133333,0.167776,0.579219,1.000000,1.000000,0.227017,0.581771,0.379774,0.070072,1.000000,1.000000,0.431109,0.000000,0.000000,0.000000,0.000000,0.576972,0.834716,0.125336,0.000000,0.477751,0.000000,0.000000,0.222665,0.918302,0.170130,0.000000,0.000787,1.000000,0.367021,1.000000,0.473781,0.293642,0.973499,0.000000,0.000000,1.000000,0.000000,1.000000,1.000000,1.000000,0.000000,0.000000,0.000000,0.000000,0.000000,0.000000,0.000000,0.229954,1.000000,0.871877,0.203071,0.000000,0.000000,0.000000,0.000000,0.000000,0.270522,0.000000,1.000000,1.000000,0.496650,0.000000,0.907290,0.000000,0.000000,0.000000,0.000000,1.000000,0.000000,1.000000,0.000000,0.000000,0.000000,0.000000,0.000000,1.000000,0.293685,1.000000,1.000000,1.000000
4.166667,0.000000,0.000000,1.000000,1.000000,0.000000,0.555880,0.255844,0.000000,1.000000,1.000000,1.000000,0.514839,0.000000,0.000000,0.000000,0.713707,0.868942,0.475293,0.000000,0.000000,0.113906,0.261202,0.227954,1.000000,0.243229,0.000000,0.002995,1.000000,0.000000,1.000000,0.878778,0.948616,0.952581,0.000000,0.000000,1.000000,0.000000,1.000000,1.000000,1.000000,0.000000,0.000000,0.432305,1.000000,0.000000,0.000000,1.000000,0.438299,1.000000,1.000000,0.000000,0.000000,0.000000,0.000000,0.000000,0.000000,0.886376,0.000000,0.995834,0.366971,0.378802,0.007024,0.555520,0.000000,0.000000,0.000000,0.000000,1.000000,0.155119,1.000000,0.000000,1.000000,1.000000,0.000000,0.000000,1.000000,0.959623,1.000000,1.000000,1.000000
4.200000,0.000000,0.000000,1.000000,1.000000,0.000000,0.596977,0.000000,0.000000,1.000000,1.000000,1.000000,0.468164,0.000000,0.000000,0.000000,0.639080,0.901462,0.622484,0.000000,0.000000,0.128026,0.313748,0.241178,0.783500,0.468444,0.000000,0.008013,0.920324,0.000000,1.000000,0.846970,0.000000,0.000000,0.000000,0.000000,1.000000,0.000000,1.000000,1.000000,1.000000,0.000000,0.000000,0.734000,1.000000,0.000000,0.000000,1.000000,0.289464,1.000000,1.000000,0.000000,0.000000,0.000000,0.000000,0.000000,0.000000,0.846007,0.000000,1.000000,0.876827,0.355959,0.000000,0.468533,0.000000,0.000000,0.000000,0.000000,1.000000,0.488826,1.000000,0.000000,1.000000,1.000000,0.000000,0.000000,1.000000,0.216895,1.000000,1.000000,1.000000
